modified_id,busy_slots,available_slots
10000,E,A-B-C-D-F-G-H-I-J-K-L-M-N
10001,F-H-J,A-B-C-D-E-G-I-K-L-M-N
10002,A-C-E-F-I,B-D-G-H-J-K-L-M-N
10003,E-H-K-L-M,A-B-C-D-F-G-I-J-N
10004,D,A-B-C-E-F-G-H-I-J-K-L-M-N
10005,E-I-J,A-B-C-D-F-G-H-K-L-M-N
10006,D-E-F-G-H-J-K-L,A-B-C-I-M-N
10007,C,A-B-D-E-F-G-H-I-J-K-L-M-N
10008,B-E-H,A-C-D-F-G-I-J-K-L-M-N
10009,G,A-B-C-D-E-F-H-I-J-K-L-M-N
10010,B-C-F-G-H-J,A-D-E-I-K-L-M-N
10011,E,A-B-C-D-F-G-H-I-J-K-L-M-N
10012,C-E-F-H-I,A-B-D-G-J-K-L-M-N
10013,B-D-G-J,A-C-E-F-H-I-K-L-M-N
10014,C,A-B-D-E-F-G-H-I-J-K-L-M-N
10015,B-D-E-G-I,A-C-F-H-J-K-L-M-N
10016,E-H-I-J,A-B-C-D-F-G-K-L-M-N
10017,C-G-H-I,A-B-D-E-F-J-K-L-M-N
10018,B-C-H-J,A-D-E-F-G-I-K-L-M-N
10019,C-E-F-G-I-J,A-B-D-H-K-L-M-N
10020,E-F-G-H-J,A-B-C-D-I-K-L-M-N
10021,B-C-E-F-H-I-J,A-D-G-K-L-M-N
10022,G,A-B-C-D-E-F-H-I-J-K-L-M-N
10023,C-D-F-G,A-B-E-H-I-J-K-L-M-N
10024,B,A-C-D-E-F-G-H-I-J-K-L-M-N
10025,H,A-B-C-D-E-F-G-I-J-K-L-M-N
10026,E,A-B-C-D-F-G-H-I-J-K-L-M-N
10027,F-G-I-M-N,A-B-C-D-E-H-J-K-L
10028,A-C-G-I,B-D-E-F-H-J-K-L-M-N
10029,C-E-F-G-H-I-J,A-B-D-K-L-M-N
10030,C-E-F-G,A-B-D-H-I-J-K-L-M-N
10031,B-E-F-G-I-J,A-C-D-H-K-L-M-N
10032,G-H-I-J,A-B-C-D-E-F-K-L-M-N
10033,E,A-B-C-D-F-G-H-I-J-K-L-M-N
10034,E-F-H-I,A-B-C-D-G-J-K-L-M-N
10035,C-D-E-G,A-B-F-H-I-J-K-L-M-N
10036,B-C-D-E-F-G-H,A-I-J-K-L-M-N
10037,G-I,A-B-C-D-E-F-H-J-K-L-M-N
10038,C,A-B-D-E-F-G-H-I-J-K-L-M-N
10039,F-H-J-M-N,A-B-C-D-E-G-I-K-L
10040,H,A-B-C-D-E-F-G-I-J-K-L-M-N
10041,A-E-I-J,B-C-D-F-G-H-K-L-M-N
10042,H,A-B-C-D-E-F-G-I-J-K-L-M-N
10043,A-B-C-F-G-H-J-K,D-E-I-L-M-N
10044,E-I-J-K-L,A-B-C-D-F-G-H-M-N
10045,C-G-H-J,A-B-D-E-F-I-K-L-M-N
10046,B-E-H-J,A-C-D-F-G-I-K-L-M-N
10047,C-E-G-I-J-M-N,A-B-D-F-H-K-L
10048,D-G-H-J-K-L,A-B-C-E-F-I-M-N
10049,A-E-F-H,B-C-D-G-I-J-K-L-M-N
10050,C,A-B-D-E-F-G-H-I-J-K-L-M-N
10051,D-G-H-I-K-L-M,A-B-C-E-F-J-N
10052,B-C-E-F-H,A-D-G-I-J-K-L-M-N
10053,B-E-F-J,A-C-D-G-H-I-K-L-M-N
10054,C-E-F-H,A-B-D-G-I-J-K-L-M-N
10055,E,A-B-C-D-F-G-H-I-J-K-L-M-N
10056,B-C-E-G,A-D-F-H-I-J-K-L-M-N
10057,D-F-H-I-J-M-N,A-B-C-E-G-K-L
10058,B-E-G-H-I,A-C-D-F-J-K-L-M-N
10059,E-F-G-H-I-J,A-B-C-D-K-L-M-N
10060,E-F-I-J,A-B-C-D-G-H-K-L-M-N
10061,E-F-G-H,A-B-C-D-I-J-K-L-M-N
10062,C-F-H-K-L,A-B-D-E-G-I-J-M-N
10063,A-B-C-E-F-G-H-J,D-I-K-L-M-N
10064,C-D-E-F-G-H-J,A-B-I-K-L-M-N
10065,C-G-H-I,A-B-D-E-F-J-K-L-M-N
10066,C,A-B-D-E-F-G-H-I-J-K-L-M-N
10067,B-E-F-H-I,A-C-D-G-J-K-L-M-N
10068,D-E-G-I,A-B-C-F-H-J-K-L-M-N
10069,B-C-E-F-G-H-I-K,A-D-J-L-M-N
10070,A-B-C-D-E-F-G-H-I-J,K-L-M-N
10071,A-D-F-H,B-C-E-G-I-J-K-L-M-N
10072,C-E-H-I,A-B-D-F-G-J-K-L-M-N
10073,F-H-I-K-M,A-B-C-D-E-G-J-L-N
10074,B-C-D-F-G-H-I-J,A-E-K-L-M-N
10075,E,A-B-C-D-F-G-H-I-J-K-L-M-N
10076,B-E-F-G-H-J,A-C-D-I-K-L-M-N
10077,F-G-H-K-L-M-N,A-B-C-D-E-I-J
10078,A-C-E-F-G-H-I-J,B-D-K-L-M-N
10079,G-H-I-J-M,A-B-C-D-E-F-K-L-N
10080,G-H-I,A-B-C-D-E-F-J-K-L-M-N
10081,B-E-G-H-I,A-C-D-F-J-K-L-M-N
10082,G,A-B-C-D-E-F-H-I-J-K-L-M-N
10083,G-H-I-J,A-B-C-D-E-F-K-L-M-N
10084,D-E-F-G-J,A-B-C-H-I-K-L-M-N
10085,C-F-H-I-J,A-B-D-E-G-K-L-M-N
10086,B-C-D-E-F-H-I-J,A-G-K-L-M-N
10087,F-G-I-J,A-B-C-D-E-H-K-L-M-N
10088,C-D-E-F-G-H-I-J,A-B-K-L-M-N
10089,E-F-G-H-M-N,A-B-C-D-I-J-K-L
10090,A-B-C-D-F-H-J-K-L,E-G-I-M-N
10091,A-C-E-F-G-H-I-J,B-D-K-L-M-N
10092,C,A-B-D-E-F-G-H-I-J-K-L-M-N
10093,G-H-K-M,A-B-C-D-E-F-I-J-L-N
10094,E-H-I-K-L,A-B-C-D-F-G-J-M-N
10095,C-E-M-N,A-B-D-F-G-H-I-J-K-L
10096,F-G-H,A-B-C-D-E-I-J-K-L-M-N
10097,C-D-G-M-N,A-B-E-F-H-I-J-K-L
10098,J,A-B-C-D-E-F-G-H-I-K-L-M-N
10099,A-B-E-I-M,C-D-F-G-H-J-K-L-N
10100,A-B-C-E-F-G-I,D-H-J-K-L-M-N
10101,F-G-H-J-K-M,A-B-C-D-E-I-L-N
10102,B-D-E,A-C-F-G-H-I-J-K-L-M-N
10103,B-C-E-F-G-H-I-J,A-D-K-L-M-N
10104,F,A-B-C-D-E-G-H-I-J-K-L-M-N
10105,B-C-G-H,A-D-E-F-I-J-K-L-M-N
10106,E,A-B-C-D-F-G-H-I-J-K-L-M-N
10107,B-D-F-G-H-J,A-C-E-I-K-L-M-N
10108,E,A-B-C-D-F-G-H-I-J-K-L-M-N
10109,A-B-C-D-F-K-L,E-G-H-I-J-M-N
10110,B-G-H-M-N,A-C-D-E-F-I-J-K-L
10111,B-C-E-F-G-H-I-J,A-D-K-L-M-N
10112,A-B-C-F-G-I,D-E-H-J-K-L-M-N
10113,E-F-G-H,A-B-C-D-I-J-K-L-M-N
10114,B-C-G-H-I,A-D-E-F-J-K-L-M-N
10115,C-E-F-H-I-J-K-L,A-B-D-G-M-N
10116,E-F-G-I,A-B-C-D-H-J-K-L-M-N
10117,E,A-B-C-D-F-G-H-I-J-K-L-M-N
10118,A-B-C-E-F-G-I,D-H-J-K-L-M-N
10119,C,A-B-D-E-F-G-H-I-J-K-L-M-N
10120,C-G-H-I-J,A-B-D-E-F-K-L-M-N
10121,A-E-F-G-H-I-J,B-C-D-K-L-M-N
10122,B-C-E-F-G-I,A-D-H-J-K-L-M-N
10123,B-E-G-J-K-L,A-C-D-F-H-I-M-N
10124,C-E-G,A-B-D-F-H-I-J-K-L-M-N
10125,B-F-I-J,A-C-D-E-G-H-K-L-M-N
10126,D-E-G,A-B-C-F-H-I-J-K-L-M-N
10127,D,A-B-C-E-F-G-H-I-J-K-L-M-N
10128,D-E-G-H,A-B-C-F-I-J-K-L-M-N
10129,G,A-B-C-D-E-F-H-I-J-K-L-M-N
10130,H,A-B-C-D-E-F-G-I-J-K-L-M-N
10131,B-C-I,A-D-E-F-G-H-J-K-L-M-N
10132,F,A-B-C-D-E-G-H-I-J-K-L-M-N
10133,E,A-B-C-D-F-G-H-I-J-K-L-M-N
10134,G-I,A-B-C-D-E-F-H-J-K-L-M-N
10135,D-E-G-J,A-B-C-F-H-I-K-L-M-N
10136,B-E-F-G-H-I-J,A-C-D-K-L-M-N
10137,C,A-B-D-E-F-G-H-I-J-K-L-M-N
10138,E-F-G-H,A-B-C-D-I-J-K-L-M-N
10139,B-C-E-F-G-I,A-D-H-J-K-L-M-N
10140,B-C-F-G-H-I,A-D-E-J-K-L-M-N
10141,D-E-H-M-N,A-B-C-F-G-I-J-K-L
10142,F-H-I-K-L,A-B-C-D-E-G-J-M-N
10143,C-G-J,A-B-D-E-F-H-I-K-L-M-N
10144,B,A-C-D-E-F-G-H-I-J-K-L-M-N
10145,C,A-B-D-E-F-G-H-I-J-K-L-M-N
10146,B,A-C-D-E-F-G-H-I-J-K-L-M-N
10147,C-E-H-I,A-B-D-F-G-J-K-L-M-N
10148,B-C-F-G-H-J,A-D-E-I-K-L-M-N
10149,B-C-E-H-J,A-D-F-G-I-K-L-M-N
10150,C-E-F-G-H-I-J,A-B-D-K-L-M-N
10151,B-F-G-H,A-C-D-E-I-J-K-L-M-N
10152,H,A-B-C-D-E-F-G-I-J-K-L-M-N
10153,D-E-H-J,A-B-C-F-G-I-K-L-M-N
10154,C,A-B-D-E-F-G-H-I-J-K-L-M-N
10155,E-F-G-H-I-J,A-B-C-D-K-L-M-N
10156,C-E-G-H,A-B-D-F-I-J-K-L-M-N
10157,C,A-B-D-E-F-G-H-I-J-K-L-M-N
10158,B-C-I-J,A-D-E-F-G-H-K-L-M-N
10159,D-H-I-J-K-L,A-B-C-E-F-G-M-N
10160,I-J-M-N,A-B-C-D-E-F-G-H-K-L
10161,C-G-H-M-N,A-B-D-E-F-I-J-K-L
10162,A-E-H,B-C-D-F-G-I-J-K-L-M-N
10163,F-G-J-M,A-B-C-D-E-H-I-K-L-N
10164,B-C-F-H,A-D-E-G-I-J-K-L-M-N
10165,F,A-B-C-D-E-G-H-I-J-K-L-M-N
10166,C-E-F-G-I,A-B-D-H-J-K-L-M-N
10167,G-H-I,A-B-C-D-E-F-J-K-L-M-N
10168,A-D-F-H,B-C-E-G-I-J-K-L-M-N
10169,B-C-D-E-F-G-H-I-J,A-K-L-M-N
10170,A-B-C-F-G-I-M-N,D-E-H-J-K-L
10171,A-C-F-H,B-D-E-G-I-J-K-L-M-N
10172,D,A-B-C-E-F-G-H-I-J-K-L-M-N
10173,A-C-D-F-G-H-I-J-M,B-E-K-L-N
10174,B-D-F-G-H,A-C-E-I-J-K-L-M-N
10175,B-D-E-F-G-H,A-C-I-J-K-L-M-N
10176,G,A-B-C-D-E-F-H-I-J-K-L-M-N
10177,D-E-G-I,A-B-C-F-H-J-K-L-M-N
10178,A-D-G-H-J,B-C-E-F-I-K-L-M-N
10179,F-G-I-K-L,A-B-C-D-E-H-J-M-N
10180,F-G-H-I,A-B-C-D-E-J-K-L-M-N
10181,B-H-I-M-N,A-C-D-E-F-G-J-K-L
10182,B-C-E-F-G-I-J,A-D-H-K-L-M-N
10183,E,A-B-C-D-F-G-H-I-J-K-L-M-N
10184,B-C-F,A-D-E-G-H-I-J-K-L-M-N
10185,B-E-G-J,A-C-D-F-H-I-K-L-M-N
10186,B-G-I-J-M,A-C-D-E-F-H-K-L-N
10187,B,A-C-D-E-F-G-H-I-J-K-L-M-N
10188,F-H-K,A-B-C-D-E-G-I-J-L-M-N
10189,E-H-J-K-L-M,A-B-C-D-F-G-I-N
10190,B-C-G-H,A-D-E-F-I-J-K-L-M-N
10191,C-E,A-B-D-F-G-H-I-J-K-L-M-N
10192,B-C-G-I,A-D-E-F-H-J-K-L-M-N
10193,E,A-B-C-D-F-G-H-I-J-K-L-M-N
10194,B-C-D-F-G,A-E-H-I-J-K-L-M-N
10195,B-C-D-F-G-H-I-J,A-E-K-L-M-N
10196,E-H-I-J,A-B-C-D-F-G-K-L-M-N
10197,E,A-B-C-D-F-G-H-I-J-K-L-M-N
10198,E-G-H-I,A-B-C-D-F-J-K-L-M-N
10199,C-F-H-I-K-L,A-B-D-E-G-J-M-N
10200,H,A-B-C-D-E-F-G-I-J-K-L-M-N
10201,C-E-G-H,A-B-D-F-I-J-K-L-M-N
10202,F-G-H-K-L,A-B-C-D-E-I-J-M-N
10203,F-H-I-K-M,A-B-C-D-E-G-J-L-N
10204,A-E-G-I-K-L,B-C-D-F-H-J-M-N
10205,J,A-B-C-D-E-F-G-H-I-K-L-M-N
10206,D,A-B-C-E-F-G-H-I-J-K-L-M-N
10207,B-E-F-G-H,A-C-D-I-J-K-L-M-N
10208,F-G-H,A-B-C-D-E-I-J-K-L-M-N
10209,D-E-G-I-M-N,A-B-C-F-H-J-K-L
10210,B-E-F-G-H-I-J,A-C-D-K-L-M-N
10211,C-G-H-I-J,A-B-D-E-F-K-L-M-N
10212,A-B-C-D-E-F-H-J,G-I-K-L-M-N
10213,E-F-G-H,A-B-C-D-I-J-K-L-M-N
10214,G,A-B-C-D-E-F-H-I-J-K-L-M-N
10215,C-E-G,A-B-D-F-H-I-J-K-L-M-N
10216,E-F-G-H-J-K-L,A-B-C-D-I-M-N
10217,C-E-G-H,A-B-D-F-I-J-K-L-M-N
10218,D-E-G-H-I,A-B-C-F-J-K-L-M-N
10219,B-E-G-H,A-C-D-F-I-J-K-L-M-N
10220,D-E-G-H-I,A-B-C-F-J-K-L-M-N
10221,E-F-G-H-I-J,A-B-C-D-K-L-M-N
10222,J-K-L-M,A-B-C-D-E-F-G-H-I-N
10223,C,A-B-D-E-F-G-H-I-J-K-L-M-N
10224,B-E-F-G-H-I,A-C-D-J-K-L-M-N
10225,G-I-J-M-N,A-B-C-D-E-F-H-K-L
10226,A-C-F-G-I,B-D-E-H-J-K-L-M-N
10227,B-G-I-K-L,A-C-D-E-F-H-J-M-N
10228,F-G-H,A-B-C-D-E-I-J-K-L-M-N
10229,B-E-F-H-I-J-K-L,A-C-D-G-M-N
10230,A-F-G-K-L,B-C-D-E-H-I-J-M-N
10231,C-D-F-G-I,A-B-E-H-J-K-L-M-N
10232,H,A-B-C-D-E-F-G-I-J-K-L-M-N
10233,B-E-F-J-M,A-C-D-G-H-I-K-L-N
10234,E,A-B-C-D-F-G-H-I-J-K-L-M-N
10235,,A-B-C-D-E-F-G-H-I-J-K-L-M-N
10236,A-B-F-H,C-D-E-G-I-J-K-L-M-N
10237,A-B-E-F-G-H-I-J,C-D-K-L-M-N
10238,C-F-G-H-I-J-M-N,A-B-D-E-K-L
10239,F-H-I-K-M,A-B-C-D-E-G-J-L-N
10240,D-E-H-J,A-B-C-F-G-I-K-L-M-N
10241,C-E-G-K-L,A-B-D-F-H-I-J-M-N
10242,B-D-E-F-G-H-I,A-C-J-K-L-M-N
10243,E-J-K-L-M-N,A-B-C-D-F-G-H-I
10244,B-C-F-G-I,A-D-E-H-J-K-L-M-N
10245,A-B-C-G-M,D-E-F-H-I-J-K-L-N
10246,B-C-E-F-G-H-I-J-K,A-D-L-M-N
10247,B-F-G-I-J,A-C-D-E-H-K-L-M-N
10248,B-E-F-J,A-C-D-G-H-I-K-L-M-N
10249,D,A-B-C-E-F-G-H-I-J-K-L-M-N
10250,B-E-G-H-I-J,A-C-D-F-K-L-M-N
10251,E-J-K-L,A-B-C-D-F-G-H-I-M-N
10252,E,A-B-C-D-F-G-H-I-J-K-L-M-N
10253,,A-B-C-D-E-F-G-H-I-J-K-L-M-N
10254,E-F-G-I-K-L,A-B-C-D-H-J-M-N
10255,E,A-B-C-D-F-G-H-I-J-K-L-M-N
10256,B-C-F-G-H-I-K-L,A-D-E-J-M-N
10257,A-C-F-I-J,B-D-E-G-H-K-L-M-N
10258,C,A-B-D-E-F-G-H-I-J-K-L-M-N
10259,B-D-F-G-H-J,A-C-E-I-K-L-M-N
10260,I-J-K,A-B-C-D-E-F-G-H-L-M-N
10261,,A-B-C-D-E-F-G-H-I-J-K-L-M-N
10262,J,A-B-C-D-E-F-G-H-I-K-L-M-N
10263,A-B-C-F-G-J,D-E-H-I-K-L-M-N
10264,H,A-B-C-D-E-F-G-I-J-K-L-M-N
10265,B-E-F-G-H-I,A-C-D-J-K-L-M-N
10266,C-F-G-H,A-B-D-E-I-J-K-L-M-N
10267,B,A-C-D-E-F-G-H-I-J-K-L-M-N
10268,C-E-F-G-H-I-J,A-B-D-K-L-M-N
10269,E-F-H-J-K-L-M,A-B-C-D-G-I-N
10270,H-I-J,A-B-C-D-E-F-G-K-L-M-N
10271,A-B-C-F-I,D-E-G-H-J-K-L-M-N
10272,C-D-H-J,A-B-E-F-G-I-K-L-M-N
10273,J,A-B-C-D-E-F-G-H-I-K-L-M-N
10274,B-F-G-H-I-J,A-C-D-E-K-L-M-N
10275,B-D-E-F-G,A-C-H-I-J-K-L-M-N
10276,B-H-J,A-C-D-E-F-G-I-K-L-M-N
10277,B-C-F-H-I,A-D-E-G-J-K-L-M-N
10278,C-E-F-I-J,A-B-D-G-H-K-L-M-N
10279,C-E-F-G-H-I-J,A-B-D-K-L-M-N
10280,A-B-D-K,C-E-F-G-H-I-J-L-M-N
10281,C-E-G-H,A-B-D-F-I-J-K-L-M-N
10282,C-E-F-G-I,A-B-D-H-J-K-L-M-N
10283,B-C-E-G,A-D-F-H-I-J-K-L-M-N
10284,F-G-I-J-M,A-B-C-D-E-H-K-L-N
10285,E-G-H-I,A-B-C-D-F-J-K-L-M-N
10286,G-H-I-J,A-B-C-D-E-F-K-L-M-N
10287,A-C-D-E-F-G-H-I,B-J-K-L-M-N
10288,E-G-K-L-M,A-B-C-D-F-H-I-J-N
10289,C-F-G-H-I-J,A-B-D-E-K-L-M-N
10290,F-G,A-B-C-D-E-H-I-J-K-L-M-N
10291,E-H-I,A-B-C-D-F-G-J-K-L-M-N
10292,A-C-D-F-G-H-I-J-M,B-E-K-L-N
10293,B,A-C-D-E-F-G-H-I-J-K-L-M-N
10294,B-D-F-G-H-I,A-C-E-J-K-L-M-N
10295,A-B-C-E,D-F-G-H-I-J-K-L-M-N
10296,C-F-J,A-B-D-E-G-H-I-K-L-M-N
10297,A-B-C-H-I-M-N,D-E-F-G-J-K-L
10298,B-C-E-F-G-H-M,A-D-I-J-K-L-N
10299,A-C-D-F,B-E-G-H-I-J-K-L-M-N
10300,E-F-G-H-I,A-B-C-D-J-K-L-M-N
10301,B-D-E-G-H-J,A-C-F-I-K-L-M-N
10302,B-C-F-H,A-D-E-G-I-J-K-L-M-N
10303,B-G-I-J,A-C-D-E-F-H-K-L-M-N
10304,C-E-F-G-H,A-B-D-I-J-K-L-M-N
10305,B-C-H-J-M,A-D-E-F-G-I-K-L-N
10306,C-D-E-F-G-H-I-J,A-B-K-L-M-N
10307,G,A-B-C-D-E-F-H-I-J-K-L-M-N
10308,A-B-E-J,C-D-F-G-H-I-K-L-M-N
10309,B-C-E-F-G,A-D-H-I-J-K-L-M-N
10310,E-H-I-K-L-M,A-B-C-D-F-G-J-N
10311,C-E-G-I,A-B-D-F-H-J-K-L-M-N
10312,B-C-D-F-G-H-I-J,A-E-K-L-M-N
10313,E,A-B-C-D-F-G-H-I-J-K-L-M-N
10314,B-C-D-E-F-G-H-J,A-I-K-L-M-N
10315,C-G-H-J,A-B-D-E-F-I-K-L-M-N
10316,A-E-F-G-H-I-J,B-C-D-K-L-M-N
10317,D-H-J-K-L,A-B-C-E-F-G-I-M-N
10318,C-H-I-K-L,A-B-D-E-F-G-J-M-N
10319,,A-B-C-D-E-F-G-H-I-J-K-L-M-N
10320,B-C-E-F-H-I-J,A-D-G-K-L-M-N
10321,B-C-E-F-G-I-M-N,A-D-H-J-K-L
10322,B-C-H-I-J,A-D-E-F-G-K-L-M-N
10323,C-G-H,A-B-D-E-F-I-J-K-L-M-N
10324,A-B-C-F-G-H-I-J-K-L,D-E-M-N
10325,C-E-F-G-H-J,A-B-D-I-K-L-M-N
10326,G-H-I-J,A-B-C-D-E-F-K-L-M-N
10327,A-E,B-C-D-F-G-H-I-J-K-L-M-N
10328,A-B-C-F-G-H-I-J,D-E-K-L-M-N
10329,E-F-G-H,A-B-C-D-I-J-K-L-M-N
10330,E-G-H-K-L,A-B-C-D-F-I-J-M-N
10331,B-C-E-F-G-I,A-D-H-J-K-L-M-N
10332,B-D-E-F-G-I-J,A-C-H-K-L-M-N
10333,B-C-F,A-D-E-G-H-I-J-K-L-M-N
10334,B-E-F-G-H,A-C-D-I-J-K-L-M-N
10335,A-C-F-G-H-J-K-L,B-D-E-I-M-N
10336,B-C-D-G-H-I-K-L-M,A-E-F-J-N
10337,E-G-J-M-N,A-B-C-D-F-H-I-K-L
10338,E,A-B-C-D-F-G-H-I-J-K-L-M-N
10339,C-E-F-G-H-I-J,A-B-D-K-L-M-N
10340,G,A-B-C-D-E-F-H-I-J-K-L-M-N
10341,E-G-H-J,A-B-C-D-F-I-K-L-M-N
10342,E-F-G-H-I,A-B-C-D-J-K-L-M-N
10343,A-B-E-H-J-K-L,C-D-F-G-I-M-N
10344,F-H-I-K-M,A-B-C-D-E-G-J-L-N
10345,B,A-C-D-E-F-G-H-I-J-K-L-M-N
10346,A-C-F-H-I,B-D-E-G-J-K-L-M-N
10347,E,A-B-C-D-F-G-H-I-J-K-L-M-N
10348,B-E-F-G-H-J,A-C-D-I-K-L-M-N
10349,E-F-H-J,A-B-C-D-G-I-K-L-M-N
10350,A-C-D-F-G-I,B-E-H-J-K-L-M-N
10351,B-C-D-F-G-I,A-E-H-J-K-L-M-N
10352,A-C-F-G-H,B-D-E-I-J-K-L-M-N
10353,A-D-E-F-G-H-I-J-K,B-C-L-M-N
10354,B-D-F-G-J,A-C-E-H-I-K-L-M-N
10355,F-H-I-K-L-M,A-B-C-D-E-G-J-N
10356,G-I,A-B-C-D-E-F-H-J-K-L-M-N
10357,E-F-G-I-J,A-B-C-D-H-K-L-M-N
10358,B-F-G-I-K-M,A-C-D-E-H-J-L-N
10359,C,A-B-D-E-F-G-H-I-J-K-L-M-N
10360,C-E-H-I,A-B-D-F-G-J-K-L-M-N
10361,E-F-G-H-I,A-B-C-D-J-K-L-M-N
10362,G-I-K-L-M-N,A-B-C-D-E-F-H-J
10363,C-F-H-I,A-B-D-E-G-J-K-L-M-N
10364,H,A-B-C-D-E-F-G-I-J-K-L-M-N
10365,M,A-B-C-D-E-F-G-H-I-J-K-L-N
10366,B-E-G-H-J,A-C-D-F-I-K-L-M-N
10367,,A-B-C-D-E-F-G-H-I-J-K-L-M-N
10368,E,A-B-C-D-F-G-H-I-J-K-L-M-N
10369,G,A-B-C-D-E-F-H-I-J-K-L-M-N
10370,C-E-F-G-I-J,A-B-D-H-K-L-M-N
10371,B-F-G-I,A-C-D-E-H-J-K-L-M-N
10372,A-E-I,B-C-D-F-G-H-J-K-L-M-N
10373,B-C-E-F-G-H,A-D-I-J-K-L-M-N
10374,D-H-I-J,A-B-C-E-F-G-K-L-M-N
10375,C-E-H,A-B-D-F-G-I-J-K-L-M-N
10376,E-H-I-J,A-B-C-D-F-G-K-L-M-N
10377,G-H-I-J,A-B-C-D-E-F-K-L-M-N
10378,B-C-E-F-G-H-J,A-D-I-K-L-M-N
10379,B,A-C-D-E-F-G-H-I-J-K-L-M-N
10380,C-D-F-G-H-I-J,A-B-E-K-L-M-N
10381,E-G-I-J,A-B-C-D-F-H-K-L-M-N
10382,E,A-B-C-D-F-G-H-I-J-K-L-M-N
10383,A-C-E-H,B-D-F-G-I-J-K-L-M-N
10384,A-C-F-H,B-D-E-G-I-J-K-L-M-N
10385,A-C-D-F-G-H-I-J-M,B-E-K-L-N
10386,E,A-B-C-D-F-G-H-I-J-K-L-M-N
10387,C-E-F-G-H-J,A-B-D-I-K-L-M-N
10388,B-F-G-H-I-J-K-L,A-C-D-E-M-N
10389,F,A-B-C-D-E-G-H-I-J-K-L-M-N
10390,D,A-B-C-E-F-G-H-I-J-K-L-M-N
10391,C-F-G-H-I-J-K-M,A-B-D-E-L-N
10392,F-G-I,A-B-C-D-E-H-J-K-L-M-N
10393,B-C-D-F-I-M-N,A-E-G-H-J-K-L
10394,B-E-F-G-H,A-C-D-I-J-K-L-M-N
10395,C-E-G-H,A-B-D-F-I-J-K-L-M-N
10396,F-H-I-K-M-N,A-B-C-D-E-G-J-L
10397,D-G-I-J-K-L,A-B-C-E-F-H-M-N
10398,B-C-E-G,A-D-F-H-I-J-K-L-M-N
10399,A-B-F-G-I,C-D-E-H-J-K-L-M-N
10400,B-G-H-I-M,A-C-D-E-F-J-K-L-N
10401,A-B-C-E-F-H-J,D-G-I-K-L-M-N
10402,A-E-G-I,B-C-D-F-H-J-K-L-M-N
10403,B-I-K-L,A-C-D-E-F-G-H-J-M-N
10404,E-F-G-J,A-B-C-D-H-I-K-L-M-N
10405,B-G-I-J,A-C-D-E-F-H-K-L-M-N
10406,G-I-J-M,A-B-C-D-E-F-H-K-L-N
10407,B,A-C-D-E-F-G-H-I-J-K-L-M-N
10408,B-C-E-F-G-H-J,A-D-I-K-L-M-N
10409,A-F-I-J,B-C-D-E-G-H-K-L-M-N
10410,B-C-D-E-G,A-F-H-I-J-K-L-M-N
10411,B-C-E-F-G-H-J-K-L,A-D-I-M-N
10412,B-E-J,A-C-D-F-G-H-I-K-L-M-N
10413,A-B-E-H,C-D-F-G-I-J-K-L-M-N
10414,B-C-E-H,A-D-F-G-I-J-K-L-M-N
10415,C-D-E-F-G-H-J,A-B-I-K-L-M-N
10416,B-G-H,A-C-D-E-F-I-J-K-L-M-N
10417,D-H-J,A-B-C-E-F-G-I-K-L-M-N
10418,H,A-B-C-D-E-F-G-I-J-K-L-M-N
10419,E-F-H-J-M-N,A-B-C-D-G-I-K-L
10420,A-B-C-F-H-I-J,D-E-G-K-L-M-N
10421,B-C-E-F-H-J,A-D-G-I-K-L-M-N
10422,C-E-F-G-I-J,A-B-D-H-K-L-M-N
10423,B-C-F-G-M,A-D-E-H-I-J-K-L-N
10424,B-C-F-G-H,A-D-E-I-J-K-L-M-N
10425,B-C-F-G-I-M-N,A-D-E-H-J-K-L
10426,C-E-F-G-I-J,A-B-D-H-K-L-M-N
10427,A-B-C-E-F-H,D-G-I-J-K-L-M-N
10428,C-E-F-H-J,A-B-D-G-I-K-L-M-N
10429,A-B-D-F-G-H-I-J,C-E-K-L-M-N
10430,B-C-F-G-I-K-L,A-D-E-H-J-M-N
10431,B-C-F-G,A-D-E-H-I-J-K-L-M-N
10432,B-C-F-G-H-J-M,A-D-E-I-K-L-N
10433,B-D-F-H,A-C-E-G-I-J-K-L-M-N
10434,G,A-B-C-D-E-F-H-I-J-K-L-M-N
10435,A-B-C-E-F-G-H-I-J,D-K-L-M-N
10436,C-E-G-H-M-N,A-B-D-F-I-J-K-L
10437,E,A-B-C-D-F-G-H-I-J-K-L-M-N
10438,E-F-G-H-I-J,A-B-C-D-K-L-M-N
10439,B-C-E-F-G-H-I-J,A-D-K-L-M-N
10440,G-H-J-M,A-B-C-D-E-F-I-K-L-N
10441,C,A-B-D-E-F-G-H-I-J-K-L-M-N
10442,B-E-G-I,A-C-D-F-H-J-K-L-M-N
10443,D-G-H-J,A-B-C-E-F-I-K-L-M-N
10444,B-D-H-J-K-L,A-C-E-F-G-I-M-N
10445,A-D-E-F-G-H-J,B-C-I-K-L-M-N
10446,E,A-B-C-D-F-G-H-I-J-K-L-M-N
10447,B-C-G-H-J,A-D-E-F-I-K-L-M-N
10448,E,A-B-C-D-F-G-H-I-J-K-L-M-N
10449,B-E-G-H,A-C-D-F-I-J-K-L-M-N
10450,F-G-J-K-L,A-B-C-D-E-H-I-M-N
10451,B-E-F-H-J-M-N,A-C-D-G-I-K-L
10452,G-I,A-B-C-D-E-F-H-J-K-L-M-N
10453,H,A-B-C-D-E-F-G-I-J-K-L-M-N
10454,F-G-I-J,A-B-C-D-E-H-K-L-M-N
10455,C-E-F-G,A-B-D-H-I-J-K-L-M-N
10456,E,A-B-C-D-F-G-H-I-J-K-L-M-N
10457,B-D-F-G-H-I-J,A-C-E-K-L-M-N
10458,B-G-H-M-N,A-C-D-E-F-I-J-K-L
10459,D-F-I-K-M,A-B-C-E-G-H-J-L-N
10460,B,A-C-D-E-F-G-H-I-J-K-L-M-N
10461,C,A-B-D-E-F-G-H-I-J-K-L-M-N
10462,B-C-F-G-H-I,A-D-E-J-K-L-M-N
10463,B-C-E-F-G-H-I-J,A-D-K-L-M-N
10464,B-C-F-G-I,A-D-E-H-J-K-L-M-N
10465,B-E-F-H,A-C-D-G-I-J-K-L-M-N
10466,A-E-F-H-I,B-C-D-G-J-K-L-M-N
10467,B,A-C-D-E-F-G-H-I-J-K-L-M-N
10468,B-E-H-I,A-C-D-F-G-J-K-L-M-N
10469,B-E-F,A-C-D-G-H-I-J-K-L-M-N
10470,D-E-F-H-J,A-B-C-G-I-K-L-M-N
10471,E-F-H-I,A-B-C-D-G-J-K-L-M-N
10472,E,A-B-C-D-F-G-H-I-J-K-L-M-N
10473,B-F-G-H-I,A-C-D-E-J-K-L-M-N
10474,A-C-E-G-I,B-D-F-H-J-K-L-M-N
10475,C-E-F-G-I,A-B-D-H-J-K-L-M-N
10476,C-E-H-J,A-B-D-F-G-I-K-L-M-N
10477,B-D-F-H,A-C-E-G-I-J-K-L-M-N
10478,B-E-G-H-J,A-C-D-F-I-K-L-M-N
10479,E-G-H-I,A-B-C-D-F-J-K-L-M-N
10480,C-D-E-I,A-B-F-G-H-J-K-L-M-N
10481,B-C-E-F-G-I-J,A-D-H-K-L-M-N
10482,D-E-F-G-H-J,A-B-C-I-K-L-M-N
10483,B-C-E-F-G-H-J,A-D-I-K-L-M-N
10484,C-E-F-H-I-J,A-B-D-G-K-L-M-N
10485,B-C-E-F-G-H-I-J,A-D-K-L-M-N
10486,,A-B-C-D-E-F-G-H-I-J-K-L-M-N
10487,B-C-E-F-G-H-J,A-D-I-K-L-M-N
10488,C-E-G-H-I-J-K-L,A-B-D-F-M-N
10489,A-B-H-I-M,C-D-E-F-G-J-K-L-N
10490,B-D-F,A-C-E-G-H-I-J-K-L-M-N
10491,B-E-F-G-J,A-C-D-H-I-K-L-M-N
10492,C-E-F-G-H-I-J-K-L,A-B-D-M-N
10493,F-G-I-M-N,A-B-C-D-E-H-J-K-L
10494,A-E-G-M,B-C-D-F-H-I-J-K-L-N
10495,G-H-J,A-B-C-D-E-F-I-K-L-M-N
10496,C,A-B-D-E-F-G-H-I-J-K-L-M-N
10497,D-E-G-H,A-B-C-F-I-J-K-L-M-N
10498,A-E-F-G-H,B-C-D-I-J-K-L-M-N
10499,G-H-I,A-B-C-D-E-F-J-K-L-M-N
10500,D-H-J-K,A-B-C-E-F-G-I-L-M-N
10501,B-C-F-G-H-I,A-D-E-J-K-L-M-N
10502,C-F-G-I,A-B-D-E-H-J-K-L-M-N
10503,E-G-I-M,A-B-C-D-F-H-J-K-L-N
10504,F,A-B-C-D-E-G-H-I-J-K-L-M-N
10505,E-H-J,A-B-C-D-F-G-I-K-L-M-N
10506,E-F-G-J-K-M,A-B-C-D-H-I-L-N
10507,B-C-F-G-H-I-J-K-L-M,A-D-E-N
10508,E-G-H-I,A-B-C-D-F-J-K-L-M-N
10509,D-H-I-J-K-L,A-B-C-E-F-G-M-N
10510,C-F-G-H,A-B-D-E-I-J-K-L-M-N
10511,B,A-C-D-E-F-G-H-I-J-K-L-M-N
10512,B-G-H-J,A-C-D-E-F-I-K-L-M-N
10513,,A-B-C-D-E-F-G-H-I-J-K-L-M-N
10514,A-D-E-G,B-C-F-H-I-J-K-L-M-N
10515,A-E-F-G,B-C-D-H-I-J-K-L-M-N
10516,G-H-K-L,A-B-C-D-E-F-I-J-M-N
10517,B,A-C-D-E-F-G-H-I-J-K-L-M-N
10518,M,A-B-C-D-E-F-G-H-I-J-K-L-N
10519,G-H-J-K-L,A-B-C-D-E-F-I-M-N
10520,F,A-B-C-D-E-G-H-I-J-K-L-M-N
10521,E,A-B-C-D-F-G-H-I-J-K-L-M-N
10522,E-F-G-I,A-B-C-D-H-J-K-L-M-N
10523,B-C-F-G-I-K-L,A-D-E-H-J-M-N
10524,A-B-C-F-G-H-I-J,D-E-K-L-M-N
10525,F,A-B-C-D-E-G-H-I-J-K-L-M-N
10526,A-B-C-G,D-E-F-H-I-J-K-L-M-N
10527,B-E-F-G,A-C-D-H-I-J-K-L-M-N
10528,C-E-G-H-J,A-B-D-F-I-K-L-M-N
10529,F-H-J,A-B-C-D-E-G-I-K-L-M-N
10530,B-C-E-F-G-H-I-J,A-D-K-L-M-N
10531,C-F-J,A-B-D-E-G-H-I-K-L-M-N
10532,A-B-C-D-F,E-G-H-I-J-K-L-M-N
10533,C-E-H-J-M-N,A-B-D-F-G-I-K-L
10534,E-G-H-I,A-B-C-D-F-J-K-L-M-N
10535,G-I,A-B-C-D-E-F-H-J-K-L-M-N
10536,F,A-B-C-D-E-G-H-I-J-K-L-M-N
10537,B,A-C-D-E-F-G-H-I-J-K-L-M-N
10538,A-B-E-G-H-M-N,C-D-F-I-J-K-L
10539,C-E-F-G-H-J-M,A-B-D-I-K-L-N
10540,B-C-E-F-G-H-I-J,A-D-K-L-M-N
10541,C-F-G-I-J-M,A-B-D-E-H-K-L-N
10542,D-E-I-M-N,A-B-C-F-G-H-J-K-L
10543,B-F-G-J,A-C-D-E-H-I-K-L-M-N
10544,G-H-J-K,A-B-C-D-E-F-I-L-M-N
10545,E-F-G-K-L,A-B-C-D-H-I-J-M-N
10546,C-D-E-J,A-B-F-G-H-I-K-L-M-N
10547,B-E-F-G-H-I-J-K-M,A-C-D-L-N
10548,C-E-F-H-J,A-B-D-G-I-K-L-M-N
10549,C-E-G-H-K-L,A-B-D-F-I-J-M-N
10550,F,A-B-C-D-E-G-H-I-J-K-L-M-N
10551,B-C-E-G,A-D-F-H-I-J-K-L-M-N
10552,F-G-I-J,A-B-C-D-E-H-K-L-M-N
10553,B-E-H-I,A-C-D-F-G-J-K-L-M-N
10554,F-G-J-M,A-B-C-D-E-H-I-K-L-N
10555,E-F-G-I-J-K-L,A-B-C-D-H-M-N
10556,F-G-J,A-B-C-D-E-H-I-K-L-M-N
10557,B-F-G-K-L,A-C-D-E-H-I-J-M-N
10558,A-C-E-F-H-J,B-D-G-I-K-L-M-N
10559,G-H-I-J,A-B-C-D-E-F-K-L-M-N
10560,C-E-F-G-H,A-B-D-I-J-K-L-M-N
10561,D-E-G-H,A-B-C-F-I-J-K-L-M-N
10562,E-H-J,A-B-C-D-F-G-I-K-L-M-N
10563,B,A-C-D-E-F-G-H-I-J-K-L-M-N
10564,C-G-H-J,A-B-D-E-F-I-K-L-M-N
10565,B,A-C-D-E-F-G-H-I-J-K-L-M-N
10566,A-B-C-D-E-F-G-I,H-J-K-L-M-N
10567,C-D-E-G-I,A-B-F-H-J-K-L-M-N
10568,B,A-C-D-E-F-G-H-I-J-K-L-M-N
10569,,A-B-C-D-E-F-G-H-I-J-K-L-M-N
10570,A-C-F-G-H-I-J,B-D-E-K-L-M-N
10571,E,A-B-C-D-F-G-H-I-J-K-L-M-N
10572,A-C-E-J,B-D-F-G-H-I-K-L-M-N
10573,B-E-G-H,A-C-D-F-I-J-K-L-M-N
10574,B-D-E-H-I,A-C-F-G-J-K-L-M-N
10575,M,A-B-C-D-E-F-G-H-I-J-K-L-N
10576,B-D-E-F-G-H-I-J-K-L,A-C-M-N
10577,B-D-E-H-J,A-C-F-G-I-K-L-M-N
10578,F-G-H-J-M-N,A-B-C-D-E-I-K-L
10579,C-E-H-I,A-B-D-F-G-J-K-L-M-N
10580,G-H-I,A-B-C-D-E-F-J-K-L-M-N
10581,B-I-M,A-C-D-E-F-G-H-J-K-L-N
10582,A-B-C-E-F-G-H-I-J,D-K-L-M-N
10583,D-E-F-G,A-B-C-H-I-J-K-L-M-N
10584,D-E-F-G-I,A-B-C-H-J-K-L-M-N
10585,C-H-I-J,A-B-D-E-F-G-K-L-M-N
10586,B-D-F-G-H,A-C-E-I-J-K-L-M-N
10587,C-E-F-J,A-B-D-G-H-I-K-L-M-N
10588,B-C-E-F-G-H-I,A-D-J-K-L-M-N
10589,B-E-F-G-H-I-J-M,A-C-D-K-L-N
10590,C-G-H,A-B-D-E-F-I-J-K-L-M-N
10591,G-H-K-L-M,A-B-C-D-E-F-I-J-N
10592,C-E-J-M-N,A-B-D-F-G-H-I-K-L
10593,M,A-B-C-D-E-F-G-H-I-J-K-L-N
10594,D,A-B-C-E-F-G-H-I-J-K-L-M-N
10595,E,A-B-C-D-F-G-H-I-J-K-L-M-N
10596,C-F-H-I-J,A-B-D-E-G-K-L-M-N
10597,C-D-E-G-I,A-B-F-H-J-K-L-M-N
10598,C-E-H-J,A-B-D-F-G-I-K-L-M-N
10599,C-E-F-G-I-J-M,A-B-D-H-K-L-N
10600,B-C-E-F-G-I,A-D-H-J-K-L-M-N
10601,B-D-E-G-I-J,A-C-F-H-K-L-M-N
10602,A-B-E-G-H-I,C-D-F-J-K-L-M-N
10603,B-F-G-H-I-J,A-C-D-E-K-L-M-N
10604,E,A-B-C-D-F-G-H-I-J-K-L-M-N
10605,C,A-B-D-E-F-G-H-I-J-K-L-M-N
10606,G,A-B-C-D-E-F-H-I-J-K-L-M-N
10607,A-B-C-F-G-H-J-M-N,D-E-I-K-L
10608,E,A-B-C-D-F-G-H-I-J-K-L-M-N
10609,B-E-F-H,A-C-D-G-I-J-K-L-M-N
10610,B-E-F-G,A-C-D-H-I-J-K-L-M-N
10611,A-B-E-F-G-H-I-J,C-D-K-L-M-N
10612,A-C-G-J,B-D-E-F-H-I-K-L-M-N
10613,B-C-F-I-M,A-D-E-G-H-J-K-L-N
10614,E-F-G-H-I,A-B-C-D-J-K-L-M-N
10615,B-F-G,A-C-D-E-H-I-J-K-L-M-N
10616,B,A-C-D-E-F-G-H-I-J-K-L-M-N
10617,B-D-G-I-J,A-C-E-F-H-K-L-M-N
10618,C-D-E-F-H-J,A-B-G-I-K-L-M-N
10619,E-F-H-J,A-B-C-D-G-I-K-L-M-N
10620,B-C-E-F-G-H-I-J,A-D-K-L-M-N
10621,A-C-D-E,B-F-G-H-I-J-K-L-M-N
10622,E,A-B-C-D-F-G-H-I-J-K-L-M-N
10623,B-E-F-H,A-C-D-G-I-J-K-L-M-N
10624,E,A-B-C-D-F-G-H-I-J-K-L-M-N
10625,A-E-H-J,B-C-D-F-G-I-K-L-M-N
10626,F-G-H-I,A-B-C-D-E-J-K-L-M-N
10627,A-B-F-I-K-L,C-D-E-G-H-J-M-N
10628,B-C-D-E-F-G-H-I-J,A-K-L-M-N
10629,C-D-E-F-H-M,A-B-G-I-J-K-L-N
10630,B-I-K-M,A-C-D-E-F-G-H-J-L-N
10631,B-C-F-G-H-J-K-L,A-D-E-I-M-N
10632,E,A-B-C-D-F-G-H-I-J-K-L-M-N
10633,E-F-G-I-J,A-B-C-D-H-K-L-M-N
10634,C-D-E-F-G-I,A-B-H-J-K-L-M-N
10635,E-G-H-J-M-N,A-B-C-D-F-I-K-L
10636,B-F-G-H-I,A-C-D-E-J-K-L-M-N
10637,A-B-C-E,D-F-G-H-I-J-K-L-M-N
10638,G-H-I-K-L,A-B-C-D-E-F-J-M-N
10639,H-J,A-B-C-D-E-F-G-I-K-L-M-N
10640,C-E-G-H-J,A-B-D-F-I-K-L-M-N
10641,A-B-C-F,D-E-G-H-I-J-K-L-M-N
10642,B-C-E-F-G-H-I-J,A-D-K-L-M-N
10643,B-C-E-F-G-I,A-D-H-J-K-L-M-N
10644,A-C-D-E-F-H-I-J,B-G-K-L-M-N
10645,C-E-G-H-I-J,A-B-D-F-K-L-M-N
10646,A-B-D-F-G-I,C-E-H-J-K-L-M-N
10647,J,A-B-C-D-E-F-G-H-I-K-L-M-N
10648,C-G-J-M-N,A-B-D-E-F-H-I-K-L
10649,C-H-J-M-N,A-B-D-E-F-G-I-K-L
10650,B-C-D-E-F-G-H-I-J,A-K-L-M-N
10651,B-C-E-F-H,A-D-G-I-J-K-L-M-N
10652,B-C-I-M,A-D-E-F-G-H-J-K-L-N
10653,B-F-G-H-I,A-C-D-E-J-K-L-M-N
10654,B-E-F-G-H-I,A-C-D-J-K-L-M-N
10655,B,A-C-D-E-F-G-H-I-J-K-L-M-N
10656,B-C-E-F-G-H-I,A-D-J-K-L-M-N
10657,C-E-G-M,A-B-D-F-H-I-J-K-L-N
10658,E-F-G-I,A-B-C-D-H-J-K-L-M-N
10659,B-E-G-H,A-C-D-F-I-J-K-L-M-N
10660,D-F-G-H,A-B-C-E-I-J-K-L-M-N
10661,A-E-F-H,B-C-D-G-I-J-K-L-M-N
10662,C-G-I-M-N,A-B-D-E-F-H-J-K-L
10663,B-C-F-G-H-I-J,A-D-E-K-L-M-N
10664,B-C-F-H-I-J,A-D-E-G-K-L-M-N
10665,B-H-I-J,A-C-D-E-F-G-K-L-M-N
10666,B-C-E-G-H,A-D-F-I-J-K-L-M-N
10667,A-B-C-D-F-I,E-G-H-J-K-L-M-N
10668,,A-B-C-D-E-F-G-H-I-J-K-L-M-N
10669,B-E-I-M-N,A-C-D-F-G-H-J-K-L
10670,A-E-I-M-N,B-C-D-F-G-H-J-K-L
10671,E-G-H-I,A-B-C-D-F-J-K-L-M-N
10672,E,A-B-C-D-F-G-H-I-J-K-L-M-N
10673,E,A-B-C-D-F-G-H-I-J-K-L-M-N
10674,A-B-C-F-G-H-I,D-E-J-K-L-M-N
10675,E,A-B-C-D-F-G-H-I-J-K-L-M-N
10676,F-G-H-J-M,A-B-C-D-E-I-K-L-N
10677,C-E-F-G-H-J-M,A-B-D-I-K-L-N
10678,C-E-F-H,A-B-D-G-I-J-K-L-M-N
10679,C-G-J,A-B-D-E-F-H-I-K-L-M-N
10680,B-E-F-H,A-C-D-G-I-J-K-L-M-N
10681,C-E-H-J-M,A-B-D-F-G-I-K-L-N
10682,E-G-H-I,A-B-C-D-F-J-K-L-M-N
10683,B-C-E-F-G-I-J,A-D-H-K-L-M-N
10684,B,A-C-D-E-F-G-H-I-J-K-L-M-N
10685,H,A-B-C-D-E-F-G-I-J-K-L-M-N
10686,B-C-F-H,A-D-E-G-I-J-K-L-M-N
10687,C-H-I-J,A-B-D-E-F-G-K-L-M-N
10688,C-E-F-H-J,A-B-D-G-I-K-L-M-N
10689,E-H-I-J,A-B-C-D-F-G-K-L-M-N
10690,A-F-J,B-C-D-E-G-H-I-K-L-M-N
10691,G,A-B-C-D-E-F-H-I-J-K-L-M-N
10692,D-F-G-H-J-K-L,A-B-C-E-I-M-N
10693,E-H-I-K-L,A-B-C-D-F-G-J-M-N
10694,B-C-E-F-G-I,A-D-H-J-K-L-M-N
10695,G-I-J,A-B-C-D-E-F-H-K-L-M-N
10696,B-E-F-G-H-J,A-C-D-I-K-L-M-N
10697,J,A-B-C-D-E-F-G-H-I-K-L-M-N
10698,B-E-F-G-H-I,A-C-D-J-K-L-M-N
10699,E-J-M,A-B-C-D-F-G-H-I-K-L-N
10700,B-C-F-G-H-I-J,A-D-E-K-L-M-N
10701,A-D,B-C-E-F-G-H-I-J-K-L-M-N
10702,C-D-E-G-J,A-B-F-H-I-K-L-M-N
10703,E-F-I-J,A-B-C-D-G-H-K-L-M-N
10704,C-F-G,A-B-D-E-H-I-J-K-L-M-N
10705,F-G-H-J,A-B-C-D-E-I-K-L-M-N
10706,C-D-H-I,A-B-E-F-G-J-K-L-M-N
10707,B-E-F-G,A-C-D-H-I-J-K-L-M-N
10708,B-F-H-I-M,A-C-D-E-G-J-K-L-N
10709,B,A-C-D-E-F-G-H-I-J-K-L-M-N
10710,E-G-H-I,A-B-C-D-F-J-K-L-M-N
10711,A-B-E-F-G-H-J,C-D-I-K-L-M-N
10712,,A-B-C-D-E-F-G-H-I-J-K-L-M-N
10713,E-G-J,A-B-C-D-F-H-I-K-L-M-N
10714,B-F-H-K-L,A-C-D-E-G-I-J-M-N
10715,C-E-F-I,A-B-D-G-H-J-K-L-M-N
10716,E-F-G-H-I,A-B-C-D-J-K-L-M-N
10717,G,A-B-C-D-E-F-H-I-J-K-L-M-N
10718,B-D-F-G-H-J,A-C-E-I-K-L-M-N
10719,C-F-G-I-J,A-B-D-E-H-K-L-M-N
10720,D-E-F-G-H-J,A-B-C-I-K-L-M-N
10721,B-E-F-G,A-C-D-H-I-J-K-L-M-N
10722,A-B-C-F-H-J-M,D-E-G-I-K-L-N
10723,C,A-B-D-E-F-G-H-I-J-K-L-M-N
10724,C-G-I,A-B-D-E-F-H-J-K-L-M-N
10725,B-E-H-J-K-L,A-C-D-F-G-I-M-N
10726,F,A-B-C-D-E-G-H-I-J-K-L-M-N
10727,,A-B-C-D-E-F-G-H-I-J-K-L-M-N
10728,E-G-H-I,A-B-C-D-F-J-K-L-M-N
10729,E-G-K-L,A-B-C-D-F-H-I-J-M-N
10730,H,A-B-C-D-E-F-G-I-J-K-L-M-N
10731,E-F-G-H,A-B-C-D-I-J-K-L-M-N
10732,H,A-B-C-D-E-F-G-I-J-K-L-M-N
10733,B-D-E-H,A-C-F-G-I-J-K-L-M-N
10734,C,A-B-D-E-F-G-H-I-J-K-L-M-N
10735,C-F-G-H-I,A-B-D-E-J-K-L-M-N
10736,B-F-J-K-M,A-C-D-E-G-H-I-L-N
10737,A-D-E-F-H-J,B-C-G-I-K-L-M-N
10738,B-D-E-F-G-H-M,A-C-I-J-K-L-N
10739,C-J,A-B-D-E-F-G-H-I-K-L-M-N
10740,E-F-H-I,A-B-C-D-G-J-K-L-M-N
10741,C-E-G-H-J-M,A-B-D-F-I-K-L-N
10742,C-F-G-H-I-M,A-B-D-E-J-K-L-N
10743,D-G-H-I-J,A-B-C-E-F-K-L-M-N
10744,C-D-E-F-G-H-I-J,A-B-K-L-M-N
10745,B-F-G-I-J-M,A-C-D-E-H-K-L-N
10746,A-B-G-J-K-L,C-D-E-F-H-I-M-N
10747,C-E-F-G-H-J,A-B-D-I-K-L-M-N
10748,C,A-B-D-E-F-G-H-I-J-K-L-M-N
10749,B-F-G-H-I-J-K-L,A-C-D-E-M-N
10750,C-G-I-M-N,A-B-D-E-F-H-J-K-L
10751,C-D-E-F-G-H-J,A-B-I-K-L-M-N
10752,B-C-D-E-F-G-H-I-J,A-K-L-M-N
10753,J,A-B-C-D-E-F-G-H-I-K-L-M-N
10754,B-C-E-F-G,A-D-H-I-J-K-L-M-N
10755,,A-B-C-D-E-F-G-H-I-J-K-L-M-N
10756,B-C-D-E-F-H-J,A-G-I-K-L-M-N
10757,B-F-G,A-C-D-E-H-I-J-K-L-M-N
10758,B-F-H-I-J,A-C-D-E-G-K-L-M-N
10759,E-F-G-H-I,A-B-C-D-J-K-L-M-N
10760,F-G-I-K-L,A-B-C-D-E-H-J-M-N
10761,B-E-F-G-H-I-J,A-C-D-K-L-M-N
10762,C-E-F-G-M,A-B-D-H-I-J-K-L-N
10763,D-E-G-M-N,A-B-C-F-H-I-J-K-L
10764,A-B-D-E-F-H,C-G-I-J-K-L-M-N
10765,C-F-G-I,A-B-D-E-H-J-K-L-M-N
10766,A-B-E-G,C-D-F-H-I-J-K-L-M-N
10767,C-E-F-G-H-I-J-K-L,A-B-D-M-N
10768,G-I-J,A-B-C-D-E-F-H-K-L-M-N
10769,H,A-B-C-D-E-F-G-I-J-K-L-M-N
10770,J,A-B-C-D-E-F-G-H-I-K-L-M-N
10771,B-F-J-M-N,A-C-D-E-G-H-I-K-L
10772,A-E-F-G-I-K-L,B-C-D-H-J-M-N
10773,E-F-G-I-J,A-B-C-D-H-K-L-M-N
10774,E-F-H-J,A-B-C-D-G-I-K-L-M-N
10775,E,A-B-C-D-F-G-H-I-J-K-L-M-N
10776,D-E-H-J,A-B-C-F-G-I-K-L-M-N
10777,C-F-H-J-K-L,A-B-D-E-G-I-M-N
10778,D-E-F-H-J,A-B-C-G-I-K-L-M-N
10779,F-G-H-J,A-B-C-D-E-I-K-L-M-N
10780,C-E-F-H-I-J-K-L-M,A-B-D-G-N
10781,A-B-C-F-G-H-I-J-K-L,D-E-M-N
10782,D-E-F-G-I-J,A-B-C-H-K-L-M-N
10783,B-E-F-G-H-I,A-C-D-J-K-L-M-N
10784,D,A-B-C-E-F-G-H-I-J-K-L-M-N
10785,E-F-G-H-I-M,A-B-C-D-J-K-L-N
10786,E-G-H-J,A-B-C-D-F-I-K-L-M-N
10787,B-D-F-J,A-C-E-G-H-I-K-L-M-N
10788,E,A-B-C-D-F-G-H-I-J-K-L-M-N
10789,B,A-C-D-E-F-G-H-I-J-K-L-M-N
10790,G-J,A-B-C-D-E-F-H-I-K-L-M-N
10791,J,A-B-C-D-E-F-G-H-I-K-L-M-N
10792,B-E-F-J,A-C-D-G-H-I-K-L-M-N
10793,D,A-B-C-E-F-G-H-I-J-K-L-M-N
10794,C-E-G-I,A-B-D-F-H-J-K-L-M-N
10795,D-E-F-G-H-I-J,A-B-C-K-L-M-N
10796,B-C-H,A-D-E-F-G-I-J-K-L-M-N
10797,G-I,A-B-C-D-E-F-H-J-K-L-M-N
10798,E-F-G-H-J,A-B-C-D-I-K-L-M-N
10799,A-B-F-G,C-D-E-H-I-J-K-L-M-N
10800,B-D-E-G,A-C-F-H-I-J-K-L-M-N
10801,E,A-B-C-D-F-G-H-I-J-K-L-M-N
10802,E-H-J-K-L,A-B-C-D-F-G-I-M-N
10803,H,A-B-C-D-E-F-G-I-J-K-L-M-N
10804,D-E-F-H-K-L,A-B-C-G-I-J-M-N
10805,F-G-I-J,A-B-C-D-E-H-K-L-M-N
10806,F-G-H-I,A-B-C-D-E-J-K-L-M-N
10807,E-F-G-H-I,A-B-C-D-J-K-L-M-N
10808,,A-B-C-D-E-F-G-H-I-J-K-L-M-N
10809,C-E-F-G-H-J,A-B-D-I-K-L-M-N
10810,E-G-H,A-B-C-D-F-I-J-K-L-M-N
10811,E,A-B-C-D-F-G-H-I-J-K-L-M-N
10812,E-F-G-H-I-J,A-B-C-D-K-L-M-N
10813,M,A-B-C-D-E-F-G-H-I-J-K-L-N
10814,F-G-J,A-B-C-D-E-H-I-K-L-M-N
10815,B-E-F-G,A-C-D-H-I-J-K-L-M-N
10816,B-H-I,A-C-D-E-F-G-J-K-L-M-N
10817,B-F-G-I,A-C-D-E-H-J-K-L-M-N
10818,C-E-F-G-H-J,A-B-D-I-K-L-M-N
10819,E-G-H-J,A-B-C-D-F-I-K-L-M-N
10820,E-F-G-H-I,A-B-C-D-J-K-L-M-N
10821,A-C-D-F,B-E-G-H-I-J-K-L-M-N
10822,E-G-J-M-N,A-B-C-D-F-H-I-K-L
10823,F-G-I,A-B-C-D-E-H-J-K-L-M-N
10824,B-C-E-F-G-H-I-J-M,A-D-K-L-N
10825,E-F-G-I-J-M,A-B-C-D-H-K-L-N
10826,F,A-B-C-D-E-G-H-I-J-K-L-M-N
10827,E-F-K-L-M-N,A-B-C-D-G-H-I-J
10828,E,A-B-C-D-F-G-H-I-J-K-L-M-N
10829,E,A-B-C-D-F-G-H-I-J-K-L-M-N
10830,H-J-M-N,A-B-C-D-E-F-G-I-K-L
10831,A-C-E-F-G-I,B-D-H-J-K-L-M-N
10832,B-C-E-G-H-I,A-D-F-J-K-L-M-N
10833,C-D-F-G-H,A-B-E-I-J-K-L-M-N
10834,E-H-J,A-B-C-D-F-G-I-K-L-M-N
10835,E,A-B-C-D-F-G-H-I-J-K-L-M-N
10836,B-C-F-G-H,A-D-E-I-J-K-L-M-N
10837,B-C-F-H-J,A-D-E-G-I-K-L-M-N
10838,A-F-G-H,B-C-D-E-I-J-K-L-M-N
10839,B-E-F-H-K-M,A-C-D-G-I-J-L-N
10840,G-I-J-K-L-M,A-B-C-D-E-F-H-N
10841,A-D-E-F-H-J,B-C-G-I-K-L-M-N
10842,C,A-B-D-E-F-G-H-I-J-K-L-M-N
10843,B-E-G-H-J,A-C-D-F-I-K-L-M-N
10844,D-H-J-K-L,A-B-C-E-F-G-I-M-N
10845,A-E-G-J,B-C-D-F-H-I-K-L-M-N
10846,,A-B-C-D-E-F-G-H-I-J-K-L-M-N
10847,E,A-B-C-D-F-G-H-I-J-K-L-M-N
10848,A-B-D-E-F-G-H-I-J,C-K-L-M-N
10849,B-C-D-E-F-G-H-J,A-I-K-L-M-N
10850,H-I-J-M,A-B-C-D-E-F-G-K-L-N
10851,C,A-B-D-E-F-G-H-I-J-K-L-M-N
10852,D,A-B-C-E-F-G-H-I-J-K-L-M-N
10853,D-E-I-K-L-M-N,A-B-C-F-G-H-J
10854,A-C-F-G-I-K-L,B-D-E-H-J-M-N
10855,B-E-F-H-I-J,A-C-D-G-K-L-M-N
10856,E-F-G-H,A-B-C-D-I-J-K-L-M-N
10857,C-G-I-J,A-B-D-E-F-H-K-L-M-N
10858,A-D-E-J,B-C-F-G-H-I-K-L-M-N
10859,E-F-G-H-I,A-B-C-D-J-K-L-M-N
10860,C-F-H-I-J,A-B-D-E-G-K-L-M-N
10861,,A-B-C-D-E-F-G-H-I-J-K-L-M-N
10862,B-F-H-M-N,A-C-D-E-G-I-J-K-L
10863,B-E-I,A-C-D-F-G-H-J-K-L-M-N
10864,E,A-B-C-D-F-G-H-I-J-K-L-M-N
10865,A-C-E-G-I,B-D-F-H-J-K-L-M-N
10866,E,A-B-C-D-F-G-H-I-J-K-L-M-N
10867,D-E-F-G-J,A-B-C-H-I-K-L-M-N
10868,B-C-E-F-H-J,A-D-G-I-K-L-M-N
10869,B-E-F-G-H-J,A-C-D-I-K-L-M-N
10870,G-H-J-M-N,A-B-C-D-E-F-I-K-L
10871,H,A-B-C-D-E-F-G-I-J-K-L-M-N
10872,B,A-C-D-E-F-G-H-I-J-K-L-M-N
10873,B-E-F-G-H,A-C-D-I-J-K-L-M-N
10874,B-C-E-G,A-D-F-H-I-J-K-L-M-N
10875,C-D-G-H,A-B-E-F-I-J-K-L-M-N
10876,A-B-G-J,C-D-E-F-H-I-K-L-M-N
10877,C-F-G-H-I-J,A-B-D-E-K-L-M-N
10878,C-F-G-I-K,A-B-D-E-H-J-L-M-N
10879,B-C-D-F-H-J,A-E-G-I-K-L-M-N
10880,H,A-B-C-D-E-F-G-I-J-K-L-M-N
10881,A-B-F-G-H-I,C-D-E-J-K-L-M-N
10882,F,A-B-C-D-E-G-H-I-J-K-L-M-N
10883,C-G-I-J,A-B-D-E-F-H-K-L-M-N
10884,C-E-H-J,A-B-D-F-G-I-K-L-M-N
10885,G-I,A-B-C-D-E-F-H-J-K-L-M-N
10886,B-C-F-H-I-J,A-D-E-G-K-L-M-N
10887,B-F,A-C-D-E-G-H-I-J-K-L-M-N
10888,B-D-E-F-G-J,A-C-H-I-K-L-M-N
10889,C-D-E-F-G-H-I-J,A-B-K-L-M-N
10890,C,A-B-D-E-F-G-H-I-J-K-L-M-N
10891,A-C-F-G-H-I,B-D-E-J-K-L-M-N
10892,C-E-F-G-H-I,A-B-D-J-K-L-M-N
10893,B-E-G-H,A-C-D-F-I-J-K-L-M-N
10894,E-G-I-M-N,A-B-C-D-F-H-J-K-L
10895,D,A-B-C-E-F-G-H-I-J-K-L-M-N
10896,B-E-F-H,A-C-D-G-I-J-K-L-M-N
10897,A-B-E-G,C-D-F-H-I-J-K-L-M-N
10898,B-C-F-G-H-I,A-D-E-J-K-L-M-N
10899,E-F-G-H-I,A-B-C-D-J-K-L-M-N
10900,E-I-J-M-N,A-B-C-D-F-G-H-K-L
10901,F-H-I-J,A-B-C-D-E-G-K-L-M-N
10902,B-F-G-H-I-J,A-C-D-E-K-L-M-N
10903,A-B-C-F-G-H-J,D-E-I-K-L-M-N
10904,E-F-G-H,A-B-C-D-I-J-K-L-M-N
10905,E-F-G-H,A-B-C-D-I-J-K-L-M-N
10906,B-E-H-I,A-C-D-F-G-J-K-L-M-N
10907,E-K-L,A-B-C-D-F-G-H-I-J-M-N
10908,E-H-J-K-L,A-B-C-D-F-G-I-M-N
10909,B-D-H-I,A-C-E-F-G-J-K-L-M-N
10910,,A-B-C-D-E-F-G-H-I-J-K-L-M-N
10911,H,A-B-C-D-E-F-G-I-J-K-L-M-N
10912,B-D-F-G-I,A-C-E-H-J-K-L-M-N
10913,D-E-G-K-L,A-B-C-F-H-I-J-M-N
10914,A-B-C-J,D-E-F-G-H-I-K-L-M-N
10915,E-G-H-I-K-M,A-B-C-D-F-J-L-N
10916,B-E-G-H,A-C-D-F-I-J-K-L-M-N
10917,E-I,A-B-C-D-F-G-H-J-K-L-M-N
10918,C,A-B-D-E-F-G-H-I-J-K-L-M-N
10919,B,A-C-D-E-F-G-H-I-J-K-L-M-N
10920,G,A-B-C-D-E-F-H-I-J-K-L-M-N
10921,E-H-I-J,A-B-C-D-F-G-K-L-M-N
10922,B-D-E-F-G-H-I-J,A-C-K-L-M-N
10923,B-E-F-G-I,A-C-D-H-J-K-L-M-N
10924,A-B-E-F-J,C-D-G-H-I-K-L-M-N
10925,B-C-E-F-H-I-J,A-D-G-K-L-M-N
10926,E-G-H-J,A-B-C-D-F-I-K-L-M-N
10927,B-F-G-H-I,A-C-D-E-J-K-L-M-N
10928,B-E-F-G-H-I,A-C-D-J-K-L-M-N
10929,B-D-E-H,A-C-F-G-I-J-K-L-M-N
10930,A-B-C-G-H-J,D-E-F-I-K-L-M-N
10931,E-F-H-J,A-B-C-D-G-I-K-L-M-N
10932,B-C-E-G,A-D-F-H-I-J-K-L-M-N
10933,F,A-B-C-D-E-G-H-I-J-K-L-M-N
10934,E,A-B-C-D-F-G-H-I-J-K-L-M-N
10935,G-I,A-B-C-D-E-F-H-J-K-L-M-N
10936,B-E-F-G-I,A-C-D-H-J-K-L-M-N
10937,B-C-E-F-H-J,A-D-G-I-K-L-M-N
10938,E-F-G-H,A-B-C-D-I-J-K-L-M-N
10939,C-E-G,A-B-D-F-H-I-J-K-L-M-N
10940,A-D-H-J,B-C-E-F-G-I-K-L-M-N
10941,E-H-I-J,A-B-C-D-F-G-K-L-M-N
10942,A-B-C-E-F-G-I-J,D-H-K-L-M-N
10943,A-D-E-F-G-H-J,B-C-I-K-L-M-N
10944,C-D-H-J,A-B-E-F-G-I-K-L-M-N
10945,H,A-B-C-D-E-F-G-I-J-K-L-M-N
10946,E-H-J-M-N,A-B-C-D-F-G-I-K-L
10947,M,A-B-C-D-E-F-G-H-I-J-K-L-N
10948,D-E-F-G-H,A-B-C-I-J-K-L-M-N
10949,B-C-E-H-M,A-D-F-G-I-J-K-L-N
10950,B-C-G-J-K-M,A-D-E-F-H-I-L-N
10951,B-E-F,A-C-D-G-H-I-J-K-L-M-N
10952,E-F-G-H-I-J,A-B-C-D-K-L-M-N
10953,B-E-F-G,A-C-D-H-I-J-K-L-M-N
10954,G,A-B-C-D-E-F-H-I-J-K-L-M-N
10955,C,A-B-D-E-F-G-H-I-J-K-L-M-N
10956,C-D-F-H-I,A-B-E-G-J-K-L-M-N
10957,C-D-F-G,A-B-E-H-I-J-K-L-M-N
10958,,A-B-C-D-E-F-G-H-I-J-K-L-M-N
10959,C-F-G-H,A-B-D-E-I-J-K-L-M-N
10960,A-C-G-H,B-D-E-F-I-J-K-L-M-N
10961,C-J-M-N,A-B-D-E-F-G-H-I-K-L
10962,B-F-H-I,A-C-D-E-G-J-K-L-M-N
10963,B-E-F-G-H-J,A-C-D-I-K-L-M-N
10964,A-B-C-E,D-F-G-H-I-J-K-L-M-N
10965,E,A-B-C-D-F-G-H-I-J-K-L-M-N
10966,B-D-E-F-G-H-J,A-C-I-K-L-M-N
10967,E,A-B-C-D-F-G-H-I-J-K-L-M-N
10968,E-G-H-J,A-B-C-D-F-I-K-L-M-N
10969,C,A-B-D-E-F-G-H-I-J-K-L-M-N
10970,A-B-F,C-D-E-G-H-I-J-K-L-M-N
10971,C-E-F-G-H-J,A-B-D-I-K-L-M-N
10972,E-G-J,A-B-C-D-F-H-I-K-L-M-N
10973,A-B-C-F-G-I-M-N,D-E-H-J-K-L
10974,A-B-D-I-M-N,C-E-F-G-H-J-K-L
10975,B-C-D-E-F-G-H-I-J,A-K-L-M-N
10976,G-I-J-K,A-B-C-D-E-F-H-L-M-N
10977,A-D-F-G-H-J,B-C-E-I-K-L-M-N
10978,B-C-D-E-F-G-H-J,A-I-K-L-M-N
10979,,A-B-C-D-E-F-G-H-I-J-K-L-M-N
10980,C-I-M-N,A-B-D-E-F-G-H-J-K-L
10981,E-F-G,A-B-C-D-H-I-J-K-L-M-N
10982,B-F-G-I-J,A-C-D-E-H-K-L-M-N
10983,A-E-F-G-I,B-C-D-H-J-K-L-M-N
10984,A-B-F-H-J,C-D-E-G-I-K-L-M-N
10985,B,A-C-D-E-F-G-H-I-J-K-L-M-N
10986,C-E-F-J,A-B-D-G-H-I-K-L-M-N
10987,A-B-C-D-E-F-J,G-H-I-K-L-M-N
10988,C-E-F-G-H-J-K,A-B-D-I-L-M-N
10989,C,A-B-D-E-F-G-H-I-J-K-L-M-N
10990,B-C-F-G-H-I-J-M,A-D-E-K-L-N
10991,B-C-F-H-I-J-M-N,A-D-E-G-K-L
10992,E-F-H-I,A-B-C-D-G-J-K-L-M-N
10993,A-B-C-F-G-I,D-E-H-J-K-L-M-N
10994,C-E-G-I-J,A-B-D-F-H-K-L-M-N
10995,C-F-G-H-J-K-L,A-B-D-E-I-M-N
10996,B-D-H-I,A-C-E-F-G-J-K-L-M-N
10997,B-C-E-F-I-J,A-D-G-H-K-L-M-N
10998,A-B-C-F-G-I,D-E-H-J-K-L-M-N
10999,A-B-F,C-D-E-G-H-I-J-K-L-M-N
11000,B-E-F-G-H-I-J,A-C-D-K-L-M-N
11001,B-C-E-F-G-H-I-J,A-D-K-L-M-N
11002,E-G-H-J,A-B-C-D-F-I-K-L-M-N
11003,E,A-B-C-D-F-G-H-I-J-K-L-M-N
11004,B-C-F-G-H-I-J-K-L,A-D-E-M-N
11005,E-H-J-K-L,A-B-C-D-F-G-I-M-N
11006,B-C-F,A-D-E-G-H-I-J-K-L-M-N
11007,A-C-E-F-H-J,B-D-G-I-K-L-M-N
11008,B-C-D-E-H-J,A-F-G-I-K-L-M-N
11009,B-I-J,A-C-D-E-F-G-H-K-L-M-N
11010,H,A-B-C-D-E-F-G-I-J-K-L-M-N
11011,B-F-G-H-I,A-C-D-E-J-K-L-M-N
11012,E-G-H-M,A-B-C-D-F-I-J-K-L-N
11013,C-D-F-G-H-I-J,A-B-E-K-L-M-N
11014,D-E-G-H-J,A-B-C-F-I-K-L-M-N
11015,A-D-E-G-H,B-C-F-I-J-K-L-M-N
11016,E-F-G-J,A-B-C-D-H-I-K-L-M-N
11017,C,A-B-D-E-F-G-H-I-J-K-L-M-N
11018,A-D-F-K-L,B-C-E-G-H-I-J-M-N
11019,H-J-K-M,A-B-C-D-E-F-G-I-L-N
11020,C-G-H,A-B-D-E-F-I-J-K-L-M-N
11021,B-G-I-K-L,A-C-D-E-F-H-J-M-N
11022,B-C-E-G,A-D-F-H-I-J-K-L-M-N
11023,B-H-I-J,A-C-D-E-F-G-K-L-M-N
11024,G-H-I-J,A-B-C-D-E-F-K-L-M-N
11025,B-F-G-H,A-C-D-E-I-J-K-L-M-N
11026,A-B-D-F-G-J,C-E-H-I-K-L-M-N
11027,E-F-H-I-J,A-B-C-D-G-K-L-M-N
11028,D-E-G-H-J,A-B-C-F-I-K-L-M-N
11029,B-C-D-E-F-G-H-I-J,A-K-L-M-N
11030,H,A-B-C-D-E-F-G-I-J-K-L-M-N
11031,B-C-E-I-J,A-D-F-G-H-K-L-M-N
11032,E,A-B-C-D-F-G-H-I-J-K-L-M-N
11033,A-C-D-E-H-J-K-L,B-F-G-I-M-N
11034,B-E-F-G-H-I-J,A-C-D-K-L-M-N
11035,E-H-J-K-L,A-B-C-D-F-G-I-M-N
11036,B-C-E-F-H-I-J,A-D-G-K-L-M-N
11037,A-D-G-H-J,B-C-E-F-I-K-L-M-N
11038,A-B-C-F-G-H-I-J,D-E-K-L-M-N
11039,C-F-H-J,A-B-D-E-G-I-K-L-M-N
11040,B-E-I-J,A-C-D-F-G-H-K-L-M-N
11041,E,A-B-C-D-F-G-H-I-J-K-L-M-N
11042,B-F-H-J,A-C-D-E-G-I-K-L-M-N
11043,E-F-G-H-I,A-B-C-D-J-K-L-M-N
11044,E-F-G-H-I-J,A-B-C-D-K-L-M-N
11045,E,A-B-C-D-F-G-H-I-J-K-L-M-N
11046,E-G-I-J,A-B-C-D-F-H-K-L-M-N
11047,C-D-E-F-G-I,A-B-H-J-K-L-M-N
11048,B-C-D-F-G-H-I-J,A-E-K-L-M-N
11049,C-D-E-F-G-I,A-B-H-J-K-L-M-N
11050,B-G-H-J,A-C-D-E-F-I-K-L-M-N
11051,E,A-B-C-D-F-G-H-I-J-K-L-M-N
11052,C-E-F-G-H-I,A-B-D-J-K-L-M-N
11053,H-J-M-N,A-B-C-D-E-F-G-I-K-L
11054,B-F-G-I-J-K-M,A-C-D-E-H-L-N
11055,A-B-E-H,C-D-F-G-I-J-K-L-M-N
11056,C-D-F-G-H-I,A-B-E-J-K-L-M-N
11057,A-F-G-H-I-J,B-C-D-E-K-L-M-N
11058,D-F-H-J,A-B-C-E-G-I-K-L-M-N
11059,B-G-I-J,A-C-D-E-F-H-K-L-M-N
11060,E,A-B-C-D-F-G-H-I-J-K-L-M-N
11061,B-D-E-F-G-H-I-J-M,A-C-K-L-N
11062,E,A-B-C-D-F-G-H-I-J-K-L-M-N
11063,C-D-E-F-G-H-I-J,A-B-K-L-M-N
11064,E-F-G-H-I-J,A-B-C-D-K-L-M-N
11065,B,A-C-D-E-F-G-H-I-J-K-L-M-N
11066,G,A-B-C-D-E-F-H-I-J-K-L-M-N
11067,D,A-B-C-E-F-G-H-I-J-K-L-M-N
11068,C-D-E-F-G-H-I-J-K-L,A-B-M-N
11069,C,A-B-D-E-F-G-H-I-J-K-L-M-N
11070,C-G-H-J,A-B-D-E-F-I-K-L-M-N
11071,C,A-B-D-E-F-G-H-I-J-K-L-M-N
11072,B-E-G-H,A-C-D-F-I-J-K-L-M-N
11073,C-E-H,A-B-D-F-G-I-J-K-L-M-N
11074,C-F,A-B-D-E-G-H-I-J-K-L-M-N
11075,D-E-F-H-J-M-N,A-B-C-G-I-K-L
11076,B-C-D-E-F-G-H-I-J,A-K-L-M-N
11077,F-H-I-J,A-B-C-D-E-G-K-L-M-N
11078,E-G-H-K-L,A-B-C-D-F-I-J-M-N
11079,E-F-G-H-K-L,A-B-C-D-I-J-M-N
11080,E-G-H-M-N,A-B-C-D-F-I-J-K-L
11081,B-C-E-F-G-I-K-L,A-D-H-J-M-N
11082,B-E-F-H,A-C-D-G-I-J-K-L-M-N
11083,B-C-E-H-J,A-D-F-G-I-K-L-M-N
11084,E-F-G-H-I-K-L,A-B-C-D-J-M-N
11085,E-G-H-I,A-B-C-D-F-J-K-L-M-N
11086,B-F-G-H-I-K-M,A-C-D-E-J-L-N
11087,B-E-H-I,A-C-D-F-G-J-K-L-M-N
11088,I-J-K-M,A-B-C-D-E-F-G-H-L-N
11089,F-G-I,A-B-C-D-E-H-J-K-L-M-N
11090,E,A-B-C-D-F-G-H-I-J-K-L-M-N
11091,D,A-B-C-E-F-G-H-I-J-K-L-M-N
11092,E-F-G-H,A-B-C-D-I-J-K-L-M-N
11093,B,A-C-D-E-F-G-H-I-J-K-L-M-N
11094,G,A-B-C-D-E-F-H-I-J-K-L-M-N
11095,A-D,B-C-E-F-G-H-I-J-K-L-M-N
11096,B-C-F-G-H-I-J,A-D-E-K-L-M-N
11097,E-F-G-H-I,A-B-C-D-J-K-L-M-N
11098,B,A-C-D-E-F-G-H-I-J-K-L-M-N
11099,G,A-B-C-D-E-F-H-I-J-K-L-M-N
11100,C,A-B-D-E-F-G-H-I-J-K-L-M-N
11101,D-F-G-I-J,A-B-C-E-H-K-L-M-N
11102,E-G-H,A-B-C-D-F-I-J-K-L-M-N
11103,C,A-B-D-E-F-G-H-I-J-K-L-M-N
11104,B-C-F-G,A-D-E-H-I-J-K-L-M-N
11105,E-F-G-H-I,A-B-C-D-J-K-L-M-N
11106,B-C-E-F-G-H-J,A-D-I-K-L-M-N
11107,C-F-H-J,A-B-D-E-G-I-K-L-M-N
11108,B-E-F-G-I-J,A-C-D-H-K-L-M-N
11109,B,A-C-D-E-F-G-H-I-J-K-L-M-N
11110,A-C-E-J,B-D-F-G-H-I-K-L-M-N
11111,C-E-F-G-H,A-B-D-I-J-K-L-M-N
11112,B-D-F-G-I-J,A-C-E-H-K-L-M-N
11113,E,A-B-C-D-F-G-H-I-J-K-L-M-N
11114,B-E-F-G-K-M,A-C-D-H-I-J-L-N
11115,A-E-F-H-M,B-C-D-G-I-J-K-L-N
11116,A-C-E-F-G-H-J,B-D-I-K-L-M-N
11117,C-D-E-F-G-H-I-J,A-B-K-L-M-N
11118,A-C-E-F-G,B-D-H-I-J-K-L-M-N
11119,F,A-B-C-D-E-G-H-I-J-K-L-M-N
11120,E,A-B-C-D-F-G-H-I-J-K-L-M-N
11121,B-E-F-G-H-J,A-C-D-I-K-L-M-N
11122,A-D-G-I-M-N,B-C-E-F-H-J-K-L
11123,B-E-G-J,A-C-D-F-H-I-K-L-M-N
11124,D-E-F-G-I-M,A-B-C-H-J-K-L-N
11125,A-C-E,B-D-F-G-H-I-J-K-L-M-N
11126,F-H-I-M,A-B-C-D-E-G-J-K-L-N
11127,E,A-B-C-D-F-G-H-I-J-K-L-M-N
11128,E,A-B-C-D-F-G-H-I-J-K-L-M-N
11129,E-G-H-J,A-B-C-D-F-I-K-L-M-N
11130,G,A-B-C-D-E-F-H-I-J-K-L-M-N
11131,E-G-H-J-K-L,A-B-C-D-F-I-M-N
11132,F-G-H-J,A-B-C-D-E-I-K-L-M-N
11133,F-H-I-J,A-B-C-D-E-G-K-L-M-N
11134,B-F-G-H,A-C-D-E-I-J-K-L-M-N
11135,B-C-F-G-I,A-D-E-H-J-K-L-M-N
11136,B-E-F-G-I,A-C-D-H-J-K-L-M-N
11137,A-B-E-F-H-J,C-D-G-I-K-L-M-N
11138,E-H-K-L-M-N,A-B-C-D-F-G-I-J
11139,E,A-B-C-D-F-G-H-I-J-K-L-M-N
11140,C-E-H-J,A-B-D-F-G-I-K-L-M-N
11141,B-C-E-F-H-J,A-D-G-I-K-L-M-N
11142,D-E-G-H-K-L,A-B-C-F-I-J-M-N
11143,E-F-H-J,A-B-C-D-G-I-K-L-M-N
11144,A-B-C-F-G-H-I-J,D-E-K-L-M-N
11145,B-E-F-G-I,A-C-D-H-J-K-L-M-N
11146,F-H-I-M,A-B-C-D-E-G-J-K-L-N
11147,I,A-B-C-D-E-F-G-H-J-K-L-M-N
11148,G,A-B-C-D-E-F-H-I-J-K-L-M-N
11149,A-B-D-F-G-H-I-J-M,C-E-K-L-N
11150,E-H-J-M-N,A-B-C-D-F-G-I-K-L
11151,C-E-F-G-H-J,A-B-D-I-K-L-M-N
11152,B-F-H-J-K-M,A-C-D-E-G-I-L-N
11153,B-D-G-J,A-C-E-F-H-I-K-L-M-N
11154,B-C-F-G-H-J,A-D-E-I-K-L-M-N
11155,H,A-B-C-D-E-F-G-I-J-K-L-M-N
11156,A-I-J-M,B-C-D-E-F-G-H-K-L-N
11157,C-D-F-G-H-J-M-N,A-B-E-I-K-L
11158,D,A-B-C-E-F-G-H-I-J-K-L-M-N
11159,C,A-B-D-E-F-G-H-I-J-K-L-M-N
11160,B-E-G-J,A-C-D-F-H-I-K-L-M-N
11161,E-G-H-I,A-B-C-D-F-J-K-L-M-N
11162,E,A-B-C-D-F-G-H-I-J-K-L-M-N
11163,E-G-H-J,A-B-C-D-F-I-K-L-M-N
11164,B-E-G-J,A-C-D-F-H-I-K-L-M-N
11165,B-C-E-G,A-D-F-H-I-J-K-L-M-N
11166,B-F,A-C-D-E-G-H-I-J-K-L-M-N
11167,B-E-F-G-H-J,A-C-D-I-K-L-M-N
11168,B-F-G-I,A-C-D-E-H-J-K-L-M-N
11169,J,A-B-C-D-E-F-G-H-I-K-L-M-N
11170,E-G-H-I,A-B-C-D-F-J-K-L-M-N
11171,D-E-F-G-H,A-B-C-I-J-K-L-M-N
11172,E,A-B-C-D-F-G-H-I-J-K-L-M-N
11173,C,A-B-D-E-F-G-H-I-J-K-L-M-N
11174,E,A-B-C-D-F-G-H-I-J-K-L-M-N
11175,G,A-B-C-D-E-F-H-I-J-K-L-M-N
11176,F,A-B-C-D-E-G-H-I-J-K-L-M-N
11177,A-B-C-D,E-F-G-H-I-J-K-L-M-N
11178,B-C-E-F-G-H-J,A-D-I-K-L-M-N
11179,B-D-E-J,A-C-F-G-H-I-K-L-M-N
11180,B-E-F-H,A-C-D-G-I-J-K-L-M-N
11181,C-D-E-H-I,A-B-F-G-J-K-L-M-N
11182,B-C-E-F-G-H-I-J-M,A-D-K-L-N
11183,M,A-B-C-D-E-F-G-H-I-J-K-L-N
11184,A-B-G-H-J-M,C-D-E-F-I-K-L-N
11185,A-D-F-G,B-C-E-H-I-J-K-L-M-N
11186,J,A-B-C-D-E-F-G-H-I-K-L-M-N
11187,A-E-G-J,B-C-D-F-H-I-K-L-M-N
11188,C-E-F-G-K-L,A-B-D-H-I-J-M-N
11189,B-C-G-I,A-D-E-F-H-J-K-L-M-N
11190,E-F-G-H,A-B-C-D-I-J-K-L-M-N
11191,B-E-F-G-I,A-C-D-H-J-K-L-M-N
11192,A-B-C-D-E-F-G-H-I-J,K-L-M-N
11193,B-G-H-I,A-C-D-E-F-J-K-L-M-N
11194,G-J-K-L,A-B-C-D-E-F-H-I-M-N
11195,J,A-B-C-D-E-F-G-H-I-K-L-M-N
11196,A-B-E-I,C-D-F-G-H-J-K-L-M-N
11197,B-F-G-H-I-J,A-C-D-E-K-L-M-N
11198,B-F-H-J-K-M-N,A-C-D-E-G-I-L
11199,A-B-D-E-G,C-F-H-I-J-K-L-M-N
11200,C-E-F-H-I-J,A-B-D-G-K-L-M-N
11201,B-C-E-H,A-D-F-G-I-J-K-L-M-N
11202,B-G-I-K-M,A-C-D-E-F-H-J-L-N
11203,A-B-D-F-G-H-J-K-M,C-E-I-L-N
11204,H,A-B-C-D-E-F-G-I-J-K-L-M-N
11205,B-C-H-J,A-D-E-F-G-I-K-L-M-N
11206,F-G-J-K-L,A-B-C-D-E-H-I-M-N
11207,E,A-B-C-D-F-G-H-I-J-K-L-M-N
11208,B-E-F-G-H-J,A-C-D-I-K-L-M-N
11209,B-D-E-F-G-H-J,A-C-I-K-L-M-N
11210,B-E-G-H,A-C-D-F-I-J-K-L-M-N
11211,M,A-B-C-D-E-F-G-H-I-J-K-L-N
11212,D-F-H-J,A-B-C-E-G-I-K-L-M-N
11213,J,A-B-C-D-E-F-G-H-I-K-L-M-N
11214,A-E-F-G-H-I-J,B-C-D-K-L-M-N
11215,G,A-B-C-D-E-F-H-I-J-K-L-M-N
11216,B-F-H,A-C-D-E-G-I-J-K-L-M-N
11217,B-D-E-F-G-H-I,A-C-J-K-L-M-N
11218,B-F-G-H-I-J,A-C-D-E-K-L-M-N
11219,G-I,A-B-C-D-E-F-H-J-K-L-M-N
11220,B-D-E-F-G-H,A-C-I-J-K-L-M-N
11221,A-C-H-I-K-L,B-D-E-F-G-J-M-N
11222,B-C-E-F-G-H-I-J,A-D-K-L-M-N
11223,H-M-N,A-B-C-D-E-F-G-I-J-K-L
11224,E,A-B-C-D-F-G-H-I-J-K-L-M-N
11225,C-E-F-G-H,A-B-D-I-J-K-L-M-N
11226,F-G,A-B-C-D-E-H-I-J-K-L-M-N
11227,C,A-B-D-E-F-G-H-I-J-K-L-M-N
11228,H,A-B-C-D-E-F-G-I-J-K-L-M-N
11229,F,A-B-C-D-E-G-H-I-J-K-L-M-N
11230,C-E-F-G-H-I-J,A-B-D-K-L-M-N
11231,E,A-B-C-D-F-G-H-I-J-K-L-M-N
11232,G-H-J-K,A-B-C-D-E-F-I-L-M-N
11233,B-C-E-G-H,A-D-F-I-J-K-L-M-N
11234,F-G-H,A-B-C-D-E-I-J-K-L-M-N
11235,A-B-C-D-E-G-H-I-J,F-K-L-M-N
11236,E-F-G,A-B-C-D-H-I-J-K-L-M-N
11237,C-G-I,A-B-D-E-F-H-J-K-L-M-N
11238,A-B-D-E,C-F-G-H-I-J-K-L-M-N
11239,E-G-H-I,A-B-C-D-F-J-K-L-M-N
11240,C-E-H-M-N,A-B-D-F-G-I-J-K-L
11241,H,A-B-C-D-E-F-G-I-J-K-L-M-N
11242,H,A-B-C-D-E-F-G-I-J-K-L-M-N
11243,D-E-G-H-I,A-B-C-F-J-K-L-M-N
11244,B-E-F-J,A-C-D-G-H-I-K-L-M-N
11245,B,A-C-D-E-F-G-H-I-J-K-L-M-N
11246,F,A-B-C-D-E-G-H-I-J-K-L-M-N
11247,H-I-J-M,A-B-C-D-E-F-G-K-L-N
11248,B-C-D-J,A-E-F-G-H-I-K-L-M-N
11249,B-C-E-F-G-H-I-J,A-D-K-L-M-N
11250,C-D-E-F-G-H-I-J,A-B-K-L-M-N
11251,F-H-J-K-L,A-B-C-D-E-G-I-M-N
11252,H,A-B-C-D-E-F-G-I-J-K-L-M-N
11253,A-B-G-H,C-D-E-F-I-J-K-L-M-N
11254,C-E-F-I-M,A-B-D-G-H-J-K-L-N
11255,D-E-G-I,A-B-C-F-H-J-K-L-M-N
11256,C-F-G-H-I-J,A-B-D-E-K-L-M-N
11257,B-C-E-F-G-I,A-D-H-J-K-L-M-N
11258,B-C-D-E-F-G-H-J,A-I-K-L-M-N
11259,C,A-B-D-E-F-G-H-I-J-K-L-M-N
11260,F-H-I-K-M,A-B-C-D-E-G-J-L-N
11261,G-H-I-J,A-B-C-D-E-F-K-L-M-N
11262,C-E-F-G,A-B-D-H-I-J-K-L-M-N
11263,G-I,A-B-C-D-E-F-H-J-K-L-M-N
11264,C-D-E-H,A-B-F-G-I-J-K-L-M-N
11265,B-D-E-H,A-C-F-G-I-J-K-L-M-N
11266,B-D-E-F-G-H-J,A-C-I-K-L-M-N
11267,B-E-H-I,A-C-D-F-G-J-K-L-M-N
11268,A-C-G-H,B-D-E-F-I-J-K-L-M-N
11269,A-C-E-F-G-H-I,B-D-J-K-L-M-N
11270,B-E-G-H,A-C-D-F-I-J-K-L-M-N
11271,B-E-F-H-I-J-M,A-C-D-G-K-L-N
11272,B-C-G-H,A-D-E-F-I-J-K-L-M-N
11273,E,A-B-C-D-F-G-H-I-J-K-L-M-N
11274,B-F-G-H-J-K-M,A-C-D-E-I-L-N
11275,B-G-H-I-J,A-C-D-E-F-K-L-M-N
11276,C-E-G-H,A-B-D-F-I-J-K-L-M-N
11277,A-B-E-F-G-H-I-J,C-D-K-L-M-N
11278,B-E-F-H-J,A-C-D-G-I-K-L-M-N
11279,C,A-B-D-E-F-G-H-I-J-K-L-M-N
11280,D-E-F-I-J,A-B-C-G-H-K-L-M-N
11281,E-F-G-H-I,A-B-C-D-J-K-L-M-N
11282,M,A-B-C-D-E-F-G-H-I-J-K-L-N
11283,A-E-G-I,B-C-D-F-H-J-K-L-M-N
11284,C-D-E-F,A-B-G-H-I-J-K-L-M-N
11285,C-E-F-G-H-I,A-B-D-J-K-L-M-N
11286,A-B-C-F-H-J,D-E-G-I-K-L-M-N
11287,B-C-E-G,A-D-F-H-I-J-K-L-M-N
11288,A-C-E-F-G-H-I-J-M-N,B-D-K-L
11289,A-C-D-E-F-G-I,B-H-J-K-L-M-N
11290,G-I,A-B-C-D-E-F-H-J-K-L-M-N
11291,B-E-F-G-K-M,A-C-D-H-I-J-L-N
11292,B-C-H-J,A-D-E-F-G-I-K-L-M-N
11293,C-E-G-H,A-B-D-F-I-J-K-L-M-N
11294,B-C-G-I,A-D-E-F-H-J-K-L-M-N
11295,D-E-H-I,A-B-C-F-G-J-K-L-M-N
11296,B-C-E-F-G-H-J,A-D-I-K-L-M-N
11297,G-H-J-K-L,A-B-C-D-E-F-I-M-N
11298,G,A-B-C-D-E-F-H-I-J-K-L-M-N
11299,E-F-G-H-I-K-L,A-B-C-D-J-M-N
11300,A-C-D-E-K-L,B-F-G-H-I-J-M-N
11301,E-G-H-I,A-B-C-D-F-J-K-L-M-N
11302,E-F-I-J,A-B-C-D-G-H-K-L-M-N
11303,E-F-G-I-J-M,A-B-C-D-H-K-L-N
11304,C-E-G-I,A-B-D-F-H-J-K-L-M-N
11305,C-D-F-G-H-I-J-K-L,A-B-E-M-N
11306,E,A-B-C-D-F-G-H-I-J-K-L-M-N
11307,C-E-F-G-H-I-J,A-B-D-K-L-M-N
11308,E-F-G-I,A-B-C-D-H-J-K-L-M-N
11309,B-D-E-F,A-C-G-H-I-J-K-L-M-N
11310,A-D,B-C-E-F-G-H-I-J-K-L-M-N
11311,G,A-B-C-D-E-F-H-I-J-K-L-M-N
11312,B-C-F-G-H-J,A-D-E-I-K-L-M-N
11313,B-C-E-H,A-D-F-G-I-J-K-L-M-N
11314,B-C-E-F-H-J,A-D-G-I-K-L-M-N
11315,C-F-G-H-I,A-B-D-E-J-K-L-M-N
11316,B-E-H-I,A-C-D-F-G-J-K-L-M-N
11317,G,A-B-C-D-E-F-H-I-J-K-L-M-N
11318,E-F-I-J-M,A-B-C-D-G-H-K-L-N
11319,C-E-H-J,A-B-D-F-G-I-K-L-M-N
11320,E-F-G-H,A-B-C-D-I-J-K-L-M-N
11321,B-D-F-G-H-J,A-C-E-I-K-L-M-N
11322,A-J,B-C-D-E-F-G-H-I-K-L-M-N
11323,B-G-H-I,A-C-D-E-F-J-K-L-M-N
11324,A-B-C-D-E-F-I,G-H-J-K-L-M-N
11325,E-F-G-H-I-J,A-B-C-D-K-L-M-N
11326,C,A-B-D-E-F-G-H-I-J-K-L-M-N
11327,B-E-F,A-C-D-G-H-I-J-K-L-M-N
11328,A-B-F-G-H-J,C-D-E-I-K-L-M-N
11329,C-F-G-H,A-B-D-E-I-J-K-L-M-N
11330,A-B-C-H-I-K-L,D-E-F-G-J-M-N
11331,E-F-G-I,A-B-C-D-H-J-K-L-M-N
11332,C,A-B-D-E-F-G-H-I-J-K-L-M-N
11333,H,A-B-C-D-E-F-G-I-J-K-L-M-N
11334,A-B-C-H,D-E-F-G-I-J-K-L-M-N
11335,E-H-J-M-N,A-B-C-D-F-G-I-K-L
11336,C-E-I-J-M-N,A-B-D-F-G-H-K-L
11337,E,A-B-C-D-F-G-H-I-J-K-L-M-N
11338,C-E-H-J,A-B-D-F-G-I-K-L-M-N
11339,E,A-B-C-D-F-G-H-I-J-K-L-M-N
11340,B-F-G-H-I-M,A-C-D-E-J-K-L-N
11341,B-F-G-H-J,A-C-D-E-I-K-L-M-N
11342,F-G-H-J,A-B-C-D-E-I-K-L-M-N
11343,B-E-G-H,A-C-D-F-I-J-K-L-M-N
11344,C-D-E-F-G-H-I-J,A-B-K-L-M-N
11345,B-G-H-K-L-M,A-C-D-E-F-I-J-N
11346,,A-B-C-D-E-F-G-H-I-J-K-L-M-N
11347,C-E-F,A-B-D-G-H-I-J-K-L-M-N
11348,D-E-H-J,A-B-C-F-G-I-K-L-M-N
11349,E-J-K-L-M-N,A-B-C-D-F-G-H-I
11350,C-F-G-H-I,A-B-D-E-J-K-L-M-N
11351,B-C-F-G-H-I,A-D-E-J-K-L-M-N
11352,C-D-E-F-G-H-I-J,A-B-K-L-M-N
11353,B,A-C-D-E-F-G-H-I-J-K-L-M-N
11354,G-I,A-B-C-D-E-F-H-J-K-L-M-N
11355,G-I,A-B-C-D-E-F-H-J-K-L-M-N
11356,B-F-G-K-L,A-C-D-E-H-I-J-M-N
11357,H,A-B-C-D-E-F-G-I-J-K-L-M-N
11358,B-D-E-M-N,A-C-F-G-H-I-J-K-L
11359,,A-B-C-D-E-F-G-H-I-J-K-L-M-N
11360,C,A-B-D-E-F-G-H-I-J-K-L-M-N
11361,C-F-G-H,A-B-D-E-I-J-K-L-M-N
11362,E-F-G-I,A-B-C-D-H-J-K-L-M-N
11363,C-E-F-I-J,A-B-D-G-H-K-L-M-N
11364,E-F-G-H,A-B-C-D-I-J-K-L-M-N
11365,G,A-B-C-D-E-F-H-I-J-K-L-M-N
11366,A-B-C-G,D-E-F-H-I-J-K-L-M-N
11367,B-E-G-J,A-C-D-F-H-I-K-L-M-N
11368,A-E-I-J,B-C-D-F-G-H-K-L-M-N
11369,B-I-J,A-C-D-E-F-G-H-K-L-M-N
11370,A-B-C-D-F-G-H-J,E-I-K-L-M-N
11371,E-G-J,A-B-C-D-F-H-I-K-L-M-N
11372,B-G-H-I,A-C-D-E-F-J-K-L-M-N
11373,B-D-F-G-H-I-J,A-C-E-K-L-M-N
11374,E-F-G-H-K-L-M-N,A-B-C-D-I-J
11375,F-G-H-J,A-B-C-D-E-I-K-L-M-N
11376,D-E-H-I-K,A-B-C-F-G-J-L-M-N
11377,C,A-B-D-E-F-G-H-I-J-K-L-M-N
11378,B-E-F-G-I-K,A-C-D-H-J-L-M-N
11379,B-C-E-F-G-H-J,A-D-I-K-L-M-N
11380,B-C-F-G-H-I,A-D-E-J-K-L-M-N
11381,H,A-B-C-D-E-F-G-I-J-K-L-M-N
11382,B-C-F-G-H-I-J,A-D-E-K-L-M-N
11383,E,A-B-C-D-F-G-H-I-J-K-L-M-N
11384,A-E-F-H,B-C-D-G-I-J-K-L-M-N
11385,D-E-F-G-H-J,A-B-C-I-K-L-M-N
11386,G,A-B-C-D-E-F-H-I-J-K-L-M-N
11387,E,A-B-C-D-F-G-H-I-J-K-L-M-N
11388,A-C-F,B-D-E-G-H-I-J-K-L-M-N
11389,F,A-B-C-D-E-G-H-I-J-K-L-M-N
11390,B-D-E-H-J,A-C-F-G-I-K-L-M-N
11391,A-B-E-F-G-I-M-N,C-D-H-J-K-L
11392,F-J-M,A-B-C-D-E-G-H-I-K-L-N
11393,B-E-G-J,A-C-D-F-H-I-K-L-M-N
11394,F-H-I-J,A-B-C-D-E-G-K-L-M-N
11395,C-D-F-I,A-B-E-G-H-J-K-L-M-N
11396,B-C-E-F-G-H-I-J,A-D-K-L-M-N
11397,B-C-F-G-H-I,A-D-E-J-K-L-M-N
11398,C-F-G-H-K-L,A-B-D-E-I-J-M-N
11399,B-E-F-G,A-C-D-H-I-J-K-L-M-N
11400,B-E-F-H,A-C-D-G-I-J-K-L-M-N
11401,F-G-H-I-K-L-M,A-B-C-D-E-J-N
11402,A-B-F-G-I,C-D-E-H-J-K-L-M-N
11403,C-E-G-H-J-K-L,A-B-D-F-I-M-N
11404,B-C-E-F-G-H-I-J,A-D-K-L-M-N
11405,E,A-B-C-D-F-G-H-I-J-K-L-M-N
11406,E,A-B-C-D-F-G-H-I-J-K-L-M-N
11407,C-E-F-H-I-J,A-B-D-G-K-L-M-N
11408,B-F-G-I,A-C-D-E-H-J-K-L-M-N
11409,C-G-H,A-B-D-E-F-I-J-K-L-M-N
11410,E,A-B-C-D-F-G-H-I-J-K-L-M-N
11411,A-F-G-H,B-C-D-E-I-J-K-L-M-N
11412,A-D-E-F-H-I-J,B-C-G-K-L-M-N
11413,C,A-B-D-E-F-G-H-I-J-K-L-M-N
11414,E-H-J-K-L,A-B-C-D-F-G-I-M-N
11415,B-C-F-G-H-J,A-D-E-I-K-L-M-N
11416,B-C-F-G-I-J,A-D-E-H-K-L-M-N
11417,B-G-I-J,A-C-D-E-F-H-K-L-M-N
11418,G-H-I-J,A-B-C-D-E-F-K-L-M-N
11419,H,A-B-C-D-E-F-G-I-J-K-L-M-N
11420,D,A-B-C-E-F-G-H-I-J-K-L-M-N
11421,A-B-D-E,C-F-G-H-I-J-K-L-M-N
11422,C-F-H-J-M-N,A-B-D-E-G-I-K-L
11423,F-G-H-J,A-B-C-D-E-I-K-L-M-N
11424,E,A-B-C-D-F-G-H-I-J-K-L-M-N
11425,B-F-I,A-C-D-E-G-H-J-K-L-M-N
11426,G-I,A-B-C-D-E-F-H-J-K-L-M-N
11427,B-E-F-H-I,A-C-D-G-J-K-L-M-N
11428,E-H,A-B-C-D-F-G-I-J-K-L-M-N
11429,E-I-J-M-N,A-B-C-D-F-G-H-K-L
11430,B-G-I-M,A-C-D-E-F-H-J-K-L-N
11431,E-H-J,A-B-C-D-F-G-I-K-L-M-N
11432,C-E-G-H-J-K-L,A-B-D-F-I-M-N
11433,A-C-D-J,B-E-F-G-H-I-K-L-M-N
11434,D,A-B-C-E-F-G-H-I-J-K-L-M-N
11435,F,A-B-C-D-E-G-H-I-J-K-L-M-N
11436,B-C-E-F-G-H,A-D-I-J-K-L-M-N
11437,G-H-I-K-M,A-B-C-D-E-F-J-L-N
11438,B-C-F-G-H-I,A-D-E-J-K-L-M-N
11439,E-F-G-J-K-L,A-B-C-D-H-I-M-N
11440,C-E-G,A-B-D-F-H-I-J-K-L-M-N
11441,I-M,A-B-C-D-E-F-G-H-J-K-L-N
11442,E-H-I-M-N,A-B-C-D-F-G-J-K-L
11443,C-H-I-J-K-L-M,A-B-D-E-F-G-N
11444,A-B-C-D-G,E-F-H-I-J-K-L-M-N
11445,E-G-H-I,A-B-C-D-F-J-K-L-M-N
11446,B-F-I-K-M,A-C-D-E-G-H-J-L-N
11447,,A-B-C-D-E-F-G-H-I-J-K-L-M-N
11448,H-I-J,A-B-C-D-E-F-G-K-L-M-N
11449,C-E-F-H-J,A-B-D-G-I-K-L-M-N
11450,F-G-J-K-L,A-B-C-D-E-H-I-M-N
11451,A-B-H-I,C-D-E-F-G-J-K-L-M-N
11452,C-G-I-M,A-B-D-E-F-H-J-K-L-N
11453,C,A-B-D-E-F-G-H-I-J-K-L-M-N
11454,B-E-G-H,A-C-D-F-I-J-K-L-M-N
11455,E-F-G-I-J-M,A-B-C-D-H-K-L-N
11456,A-C-E-H,B-D-F-G-I-J-K-L-M-N
11457,F-G-I,A-B-C-D-E-H-J-K-L-M-N
11458,E-I-J,A-B-C-D-F-G-H-K-L-M-N
11459,E,A-B-C-D-F-G-H-I-J-K-L-M-N
11460,B-C-F-G-H-J,A-D-E-I-K-L-M-N
11461,E-F-G-I,A-B-C-D-H-J-K-L-M-N
11462,G-H-J-K-L,A-B-C-D-E-F-I-M-N
11463,A-C-E-F-G-H-J,B-D-I-K-L-M-N
11464,B-G-H-I-J,A-C-D-E-F-K-L-M-N
11465,B-C-E-H,A-D-F-G-I-J-K-L-M-N
11466,H-J-K-L,A-B-C-D-E-F-G-I-M-N
11467,B-H-K-L,A-C-D-E-F-G-I-J-M-N
11468,A-B-E-G-K-L,C-D-F-H-I-J-M-N
11469,D-E-F-H,A-B-C-G-I-J-K-L-M-N
11470,B-D-E-F,A-C-G-H-I-J-K-L-M-N
11471,B-E-G-H,A-C-D-F-I-J-K-L-M-N
11472,B-D-E-F-G-H-I-J,A-C-K-L-M-N
11473,B-C-F-G-H-I-J,A-D-E-K-L-M-N
11474,A-B-C-J,D-E-F-G-H-I-K-L-M-N
11475,B-F-H-J,A-C-D-E-G-I-K-L-M-N
11476,B-E-F-G,A-C-D-H-I-J-K-L-M-N
11477,B-E-G-H,A-C-D-F-I-J-K-L-M-N
11478,A-C-E-F-H-J,B-D-G-I-K-L-M-N
11479,B-D-E-F,A-C-G-H-I-J-K-L-M-N
11480,C-E-I-J-K-L,A-B-D-F-G-H-M-N
11481,B-D-G-I,A-C-E-F-H-J-K-L-M-N
11482,E-F-G-H-I-M,A-B-C-D-J-K-L-N
11483,E-F-G-I,A-B-C-D-H-J-K-L-M-N
11484,B-D-G-J,A-C-E-F-H-I-K-L-M-N
11485,B-F-G-I-J,A-C-D-E-H-K-L-M-N
11486,B-F-H-J,A-C-D-E-G-I-K-L-M-N
11487,J,A-B-C-D-E-F-G-H-I-K-L-M-N
11488,A-B-C-E-F-G-H-I-J,D-K-L-M-N
11489,C,A-B-D-E-F-G-H-I-J-K-L-M-N
11490,E,A-B-C-D-F-G-H-I-J-K-L-M-N
11491,B-E-G-J,A-C-D-F-H-I-K-L-M-N
11492,B-C-G-H,A-D-E-F-I-J-K-L-M-N
11493,B-F-I-M-N,A-C-D-E-G-H-J-K-L
11494,F-H-I,A-B-C-D-E-G-J-K-L-M-N
11495,B,A-C-D-E-F-G-H-I-J-K-L-M-N
11496,A-C-F-G-J,B-D-E-H-I-K-L-M-N
11497,F-G-H,A-B-C-D-E-I-J-K-L-M-N
11498,E-F-G-I,A-B-C-D-H-J-K-L-M-N
11499,C-E-F-G-I-K-L,A-B-D-H-J-M-N
11500,D-F-G-I-K-L,A-B-C-E-H-J-M-N
11501,B-E-G-I,A-C-D-F-H-J-K-L-M-N
11502,C-D-E-G-H-I-J-K-L,A-B-F-M-N
11503,B-E-F-G,A-C-D-H-I-J-K-L-M-N
11504,C,A-B-D-E-F-G-H-I-J-K-L-M-N
11505,B-E-F-G,A-C-D-H-I-J-K-L-M-N
11506,C-E-F-G-H-I-J,A-B-D-K-L-M-N
11507,C-E-G-I-J,A-B-D-F-H-K-L-M-N
11508,B-C-D-F-G-J,A-E-H-I-K-L-M-N
11509,A-B-C-F-G-I,D-E-H-J-K-L-M-N
11510,E-F-G-H,A-B-C-D-I-J-K-L-M-N
11511,B-C-F-I,A-D-E-G-H-J-K-L-M-N
11512,E-F-H-K-L-M,A-B-C-D-G-I-J-N
11513,B-H-I-J,A-C-D-E-F-G-K-L-M-N
11514,B,A-C-D-E-F-G-H-I-J-K-L-M-N
11515,B-E-F-H,A-C-D-G-I-J-K-L-M-N
11516,B-E-F-G-H-I-J,A-C-D-K-L-M-N
11517,B-C-E-F,A-D-G-H-I-J-K-L-M-N
11518,F-G-H-I-J,A-B-C-D-E-K-L-M-N
11519,C-E-F-I,A-B-D-G-H-J-K-L-M-N
11520,C-D-G-J,A-B-E-F-H-I-K-L-M-N
11521,B-E-G-H-J,A-C-D-F-I-K-L-M-N
11522,B-C-E-F-G-I-M-N,A-D-H-J-K-L
11523,B-C-G-H,A-D-E-F-I-J-K-L-M-N
11524,F-G-H-I-K-M,A-B-C-D-E-J-L-N
11525,H,A-B-C-D-E-F-G-I-J-K-L-M-N
11526,B-C-F-G-I,A-D-E-H-J-K-L-M-N
11527,E,A-B-C-D-F-G-H-I-J-K-L-M-N
11528,A-B-D-G-H,C-E-F-I-J-K-L-M-N
11529,B-D-E-G,A-C-F-H-I-J-K-L-M-N
11530,C-H-I-J,A-B-D-E-F-G-K-L-M-N
11531,B,A-C-D-E-F-G-H-I-J-K-L-M-N
11532,B-D-F-H-J,A-C-E-G-I-K-L-M-N
11533,E-G-H-J,A-B-C-D-F-I-K-L-M-N
11534,B-C-E-H,A-D-F-G-I-J-K-L-M-N
11535,B-C-D-E-F-G-H-I-J,A-K-L-M-N
11536,B-C-D-E-G,A-F-H-I-J-K-L-M-N
11537,B-E-G-I,A-C-D-F-H-J-K-L-M-N
11538,B,A-C-D-E-F-G-H-I-J-K-L-M-N
11539,D-F-G,A-B-C-E-H-I-J-K-L-M-N
11540,J,A-B-C-D-E-F-G-H-I-K-L-M-N
11541,C-F-G-J,A-B-D-E-H-I-K-L-M-N
11542,C-E-G-H-I-J-K-L,A-B-D-F-M-N
11543,E-G-H-I-J,A-B-C-D-F-K-L-M-N
11544,E-F-G-H,A-B-C-D-I-J-K-L-M-N
11545,E,A-B-C-D-F-G-H-I-J-K-L-M-N
11546,E-F-G-H-I-K-L,A-B-C-D-J-M-N
11547,E,A-B-C-D-F-G-H-I-J-K-L-M-N
11548,E-F-G-H-M-N,A-B-C-D-I-J-K-L
11549,H-I-J,A-B-C-D-E-F-G-K-L-M-N
11550,E-F-H-I-J,A-B-C-D-G-K-L-M-N
11551,C-E-F-G-H-J,A-B-D-I-K-L-M-N
11552,D-E-H-J,A-B-C-F-G-I-K-L-M-N
11553,C-E-F-I,A-B-D-G-H-J-K-L-M-N
11554,A-B-C-E-F-G-H-I-J,D-K-L-M-N
11555,B-E-F-G-H-I-J,A-C-D-K-L-M-N
11556,B-G-I,A-C-D-E-F-H-J-K-L-M-N
11557,E,A-B-C-D-F-G-H-I-J-K-L-M-N
11558,B-D-E-F-G-H,A-C-I-J-K-L-M-N
11559,B-E-F-H,A-C-D-G-I-J-K-L-M-N
11560,D-E-G-J,A-B-C-F-H-I-K-L-M-N
11561,E-F-H-J,A-B-C-D-G-I-K-L-M-N
11562,F-H-J-M-N,A-B-C-D-E-G-I-K-L
11563,A-E-F-G-J,B-C-D-H-I-K-L-M-N
11564,B-E-H-J,A-C-D-F-G-I-K-L-M-N
11565,A-B-C-H,D-E-F-G-I-J-K-L-M-N
11566,E,A-B-C-D-F-G-H-I-J-K-L-M-N
11567,A-C-I-K-L,B-D-E-F-G-H-J-M-N
11568,B-E-G-H-I-J,A-C-D-F-K-L-M-N
11569,B-C-F-G-H-J,A-D-E-I-K-L-M-N
11570,A-B-D-E,C-F-G-H-I-J-K-L-M-N
11571,B-C-E-F-G-H-I-J,A-D-K-L-M-N
11572,A-B-D-E-G,C-F-H-I-J-K-L-M-N
11573,B-E-J,A-C-D-F-G-H-I-K-L-M-N
11574,B-E-G-M-N,A-C-D-F-H-I-J-K-L
11575,H,A-B-C-D-E-F-G-I-J-K-L-M-N
11576,B-E-F-G,A-C-D-H-I-J-K-L-M-N
11577,C-D-G-H-I-J-M-N,A-B-E-F-K-L
11578,F-G-H-I-J,A-B-C-D-E-K-L-M-N
11579,E-F-G-I-K-L,A-B-C-D-H-J-M-N
11580,C-E-H-J,A-B-D-F-G-I-K-L-M-N
11581,E-H-J-M-N,A-B-C-D-F-G-I-K-L
11582,C-E-F-H,A-B-D-G-I-J-K-L-M-N
11583,E-F-G-J,A-B-C-D-H-I-K-L-M-N
11584,B-F-G-H,A-C-D-E-I-J-K-L-M-N
11585,E-H-I-J,A-B-C-D-F-G-K-L-M-N
11586,D-F-G-H,A-B-C-E-I-J-K-L-M-N
11587,C-H-J,A-B-D-E-F-G-I-K-L-M-N
11588,A-C-F-G-H-J,B-D-E-I-K-L-M-N
11589,B-C-G,A-D-E-F-H-I-J-K-L-M-N
11590,E-F-G-H-J-K-M,A-B-C-D-I-L-N
11591,B-E-F-G,A-C-D-H-I-J-K-L-M-N
11592,A-B-E-F-G-H-I-J-M,C-D-K-L-N
11593,,A-B-C-D-E-F-G-H-I-J-K-L-M-N
11594,F,A-B-C-D-E-G-H-I-J-K-L-M-N
11595,F,A-B-C-D-E-G-H-I-J-K-L-M-N
11596,E-F-G-J-K,A-B-C-D-H-I-L-M-N
11597,B-C-G-I,A-D-E-F-H-J-K-L-M-N
11598,B-C-D-F-G-I,A-E-H-J-K-L-M-N
11599,C,A-B-D-E-F-G-H-I-J-K-L-M-N
11600,E-H-J-M-N,A-B-C-D-F-G-I-K-L
11601,B-C-H-J,A-D-E-F-G-I-K-L-M-N
11602,A-B-C-D-E-F-G-I,H-J-K-L-M-N
11603,C-E-F-G-H-I-J,A-B-D-K-L-M-N
11604,B-C-E-F-H-J-M-N,A-D-G-I-K-L
11605,D-E-I-J,A-B-C-F-G-H-K-L-M-N
11606,E,A-B-C-D-F-G-H-I-J-K-L-M-N
11607,M,A-B-C-D-E-F-G-H-I-J-K-L-N
11608,G,A-B-C-D-E-F-H-I-J-K-L-M-N
11609,E-I-J-M,A-B-C-D-F-G-H-K-L-N
11610,B-E-G,A-C-D-F-H-I-J-K-L-M-N
11611,B-E-F-G-H-J,A-C-D-I-K-L-M-N
11612,B,A-C-D-E-F-G-H-I-J-K-L-M-N
11613,C-F-H-M,A-B-D-E-G-I-J-K-L-N
11614,H-I-M-N,A-B-C-D-E-F-G-J-K-L
11615,A-B-C-D-E-F-H-J,G-I-K-L-M-N
11616,D-E-F-G,A-B-C-H-I-J-K-L-M-N
11617,B-E-G-H,A-C-D-F-I-J-K-L-M-N
11618,F-G-H-I-J-M-N,A-B-C-D-E-K-L
11619,C-E-G-H-I-J,A-B-D-F-K-L-M-N
11620,H,A-B-C-D-E-F-G-I-J-K-L-M-N
11621,G-H-I,A-B-C-D-E-F-J-K-L-M-N
11622,C,A-B-D-E-F-G-H-I-J-K-L-M-N
11623,F-G-I-J,A-B-C-D-E-H-K-L-M-N
11624,C-H-J,A-B-D-E-F-G-I-K-L-M-N
11625,G-H-J,A-B-C-D-E-F-I-K-L-M-N
11626,B-F-I,A-C-D-E-G-H-J-K-L-M-N
11627,C-E-F-G-I-M,A-B-D-H-J-K-L-N
11628,E-F-G-J,A-B-C-D-H-I-K-L-M-N
11629,C-E-G-H,A-B-D-F-I-J-K-L-M-N
11630,B-C-E-F-G-H-I-J,A-D-K-L-M-N
11631,E-F,A-B-C-D-G-H-I-J-K-L-M-N
11632,E,A-B-C-D-F-G-H-I-J-K-L-M-N
11633,C-E-F-I,A-B-D-G-H-J-K-L-M-N
11634,E-G-I-J,A-B-C-D-F-H-K-L-M-N
11635,B-C-F-H-J,A-D-E-G-I-K-L-M-N
11636,E-G-J,A-B-C-D-F-H-I-K-L-M-N
11637,B-E-G-H,A-C-D-F-I-J-K-L-M-N
11638,B-E-F-G-H-J,A-C-D-I-K-L-M-N
11639,M,A-B-C-D-E-F-G-H-I-J-K-L-N
11640,E,A-B-C-D-F-G-H-I-J-K-L-M-N
11641,D-F-G-I,A-B-C-E-H-J-K-L-M-N
11642,B-C-F-G-H-J,A-D-E-I-K-L-M-N
11643,C-D-E-F-G-H-I-J,A-B-K-L-M-N
11644,,A-B-C-D-E-F-G-H-I-J-K-L-M-N
11645,F,A-B-C-D-E-G-H-I-J-K-L-M-N
11646,C-F-G-I-K-L,A-B-D-E-H-J-M-N
11647,C-G-H-J-K-M,A-B-D-E-F-I-L-N
11648,C-F-G-I-M,A-B-D-E-H-J-K-L-N
11649,C-D-E-G-H-I-J-K,A-B-F-L-M-N
11650,C-G-I-J,A-B-D-E-F-H-K-L-M-N
11651,B-G-I-K,A-C-D-E-F-H-J-L-M-N
11652,E-G-H,A-B-C-D-F-I-J-K-L-M-N
11653,B-C-E-F-H,A-D-G-I-J-K-L-M-N
11654,B-G-H-M-N,A-C-D-E-F-I-J-K-L
11655,A-G-H-J,B-C-D-E-F-I-K-L-M-N
11656,F-H-I-K-M,A-B-C-D-E-G-J-L-N
11657,B-D-E-F-G-H-I-J,A-C-K-L-M-N
11658,B,A-C-D-E-F-G-H-I-J-K-L-M-N
11659,C-E-F-G-I,A-B-D-H-J-K-L-M-N
11660,B,A-C-D-E-F-G-H-I-J-K-L-M-N
11661,E-F-H,A-B-C-D-G-I-J-K-L-M-N
11662,,A-B-C-D-E-F-G-H-I-J-K-L-M-N
11663,F-G,A-B-C-D-E-H-I-J-K-L-M-N
11664,J,A-B-C-D-E-F-G-H-I-K-L-M-N
11665,E-F-H-J-M,A-B-C-D-G-I-K-L-N
11666,E-H-I-M-N,A-B-C-D-F-G-J-K-L
11667,C,A-B-D-E-F-G-H-I-J-K-L-M-N
11668,C-G-I,A-B-D-E-F-H-J-K-L-M-N
11669,A-C-E-H,B-D-F-G-I-J-K-L-M-N
11670,C-E-G-J-K-M,A-B-D-F-H-I-L-N
11671,D-E-F-G,A-B-C-H-I-J-K-L-M-N
11672,B,A-C-D-E-F-G-H-I-J-K-L-M-N
11673,A-E-F-G-H-I-J-M-N,B-C-D-K-L
11674,B,A-C-D-E-F-G-H-I-J-K-L-M-N
11675,B-E-F-G,A-C-D-H-I-J-K-L-M-N
11676,B-C-G-I,A-D-E-F-H-J-K-L-M-N
11677,A-B-E-F-G-H-I-J,C-D-K-L-M-N
11678,C,A-B-D-E-F-G-H-I-J-K-L-M-N
11679,A-F-I,B-C-D-E-G-H-J-K-L-M-N
11680,E-H-K-L-M,A-B-C-D-F-G-I-J-N
11681,G-H-I-K-L,A-B-C-D-E-F-J-M-N
11682,A-G-J-K,B-C-D-E-F-H-I-L-M-N
11683,C-F-G-H-J-M-N,A-B-D-E-I-K-L
11684,F,A-B-C-D-E-G-H-I-J-K-L-M-N
11685,G,A-B-C-D-E-F-H-I-J-K-L-M-N
11686,F-J,A-B-C-D-E-G-H-I-K-L-M-N
11687,E,A-B-C-D-F-G-H-I-J-K-L-M-N
11688,A-B-C-E-F-K-L,D-G-H-I-J-M-N
11689,B-F-G-H,A-C-D-E-I-J-K-L-M-N
11690,D-F-G-H-I-J,A-B-C-E-K-L-M-N
11691,F,A-B-C-D-E-G-H-I-J-K-L-M-N
11692,C-D-F-G-H-J,A-B-E-I-K-L-M-N
11693,E-G-H-J,A-B-C-D-F-I-K-L-M-N
11694,B-C-D-E-F-H-J,A-G-I-K-L-M-N
11695,A-B-C-D-F-G-H-I-J,E-K-L-M-N
11696,B-D-E-H,A-C-F-G-I-J-K-L-M-N
11697,H-J-K-L,A-B-C-D-E-F-G-I-M-N
11698,C-D-E-F-H-J-M,A-B-G-I-K-L-N
11699,A-B-E-H,C-D-F-G-I-J-K-L-M-N
11700,B-C-E-J,A-D-F-G-H-I-K-L-M-N
11701,E-H-I-J,A-B-C-D-F-G-K-L-M-N
11702,B-D-E-G-H-J,A-C-F-I-K-L-M-N
11703,A-B-C-E-G,D-F-H-I-J-K-L-M-N
11704,B-D-E-I,A-C-F-G-H-J-K-L-M-N
11705,E-H-I-K-M,A-B-C-D-F-G-J-L-N
11706,A-E-F-H-M,B-C-D-G-I-J-K-L-N
11707,A-C-E-F-G-I,B-D-H-J-K-L-M-N
11708,B-F-G-H,A-C-D-E-I-J-K-L-M-N
11709,B-G-I,A-C-D-E-F-H-J-K-L-M-N
11710,C,A-B-D-E-F-G-H-I-J-K-L-M-N
11711,F,A-B-C-D-E-G-H-I-J-K-L-M-N
11712,F-G-I,A-B-C-D-E-H-J-K-L-M-N
11713,C-E-F-G-I,A-B-D-H-J-K-L-M-N
11714,B-C-D-E-F-G-H-I-J,A-K-L-M-N
11715,C-E-F-G-I-M,A-B-D-H-J-K-L-N
11716,A-D-E-F-H-J,B-C-G-I-K-L-M-N
11717,B-E-F,A-C-D-G-H-I-J-K-L-M-N
11718,C-G-H-J,A-B-D-E-F-I-K-L-M-N
11719,B-C-G-H,A-D-E-F-I-J-K-L-M-N
11720,F-J,A-B-C-D-E-G-H-I-K-L-M-N
11721,B-F-I,A-C-D-E-G-H-J-K-L-M-N
11722,,A-B-C-D-E-F-G-H-I-J-K-L-M-N
11723,B-F-H-I-J-M-N,A-C-D-E-G-K-L
11724,G-H-I-M-N,A-B-C-D-E-F-J-K-L
11725,C-H-I-J,A-B-D-E-F-G-K-L-M-N
11726,G-I,A-B-C-D-E-F-H-J-K-L-M-N
11727,E-H-I,A-B-C-D-F-G-J-K-L-M-N
11728,C-E-F-G,A-B-D-H-I-J-K-L-M-N
11729,B-C-E-F-G-H-I-J,A-D-K-L-M-N
11730,J-K-M,A-B-C-D-E-F-G-H-I-L-N
11731,E-F-G-J,A-B-C-D-H-I-K-L-M-N
11732,C-I,A-B-D-E-F-G-H-J-K-L-M-N
11733,C-D-F-G-H-I-J,A-B-E-K-L-M-N
11734,C,A-B-D-E-F-G-H-I-J-K-L-M-N
11735,E-F-G-M,A-B-C-D-H-I-J-K-L-N
11736,M,A-B-C-D-E-F-G-H-I-J-K-L-N
11737,B,A-C-D-E-F-G-H-I-J-K-L-M-N
11738,E-F-G-H-I-K-L,A-B-C-D-J-M-N
11739,E,A-B-C-D-F-G-H-I-J-K-L-M-N
11740,E-G-H-M-N,A-B-C-D-F-I-J-K-L
11741,C-F-G-I,A-B-D-E-H-J-K-L-M-N
11742,B-C-E-F-G-H-I-J,A-D-K-L-M-N
11743,B-C-E-H-K-L,A-D-F-G-I-J-M-N
11744,G,A-B-C-D-E-F-H-I-J-K-L-M-N
11745,B-G-H-J,A-C-D-E-F-I-K-L-M-N
11746,M-N,A-B-C-D-E-F-G-H-I-J-K-L
11747,B-D-F-G-I,A-C-E-H-J-K-L-M-N
11748,B-C-F-G-I-J,A-D-E-H-K-L-M-N
11749,A-C-E-F-G-H-I,B-D-J-K-L-M-N
11750,B-D-F-G-H,A-C-E-I-J-K-L-M-N
11751,A-B-C-D-G,E-F-H-I-J-K-L-M-N
11752,B-F-G-H-I-J,A-C-D-E-K-L-M-N
11753,B-D-E-H,A-C-F-G-I-J-K-L-M-N
11754,E-F-G-I-K-L,A-B-C-D-H-J-M-N
11755,C-E-F-H-J,A-B-D-G-I-K-L-M-N
11756,E-H-I-J,A-B-C-D-F-G-K-L-M-N
11757,B-C-E-F-G-H-I-J,A-D-K-L-M-N
11758,B-D-E-G-H-J,A-C-F-I-K-L-M-N
11759,C-E-F-G-J,A-B-D-H-I-K-L-M-N
11760,B-D-E-H,A-C-F-G-I-J-K-L-M-N
11761,C-E-F-I,A-B-D-G-H-J-K-L-M-N
11762,B-G-H,A-C-D-E-F-I-J-K-L-M-N
11763,A-B-D-H-J-K-L,C-E-F-G-I-M-N
11764,B-C-F-J,A-D-E-G-H-I-K-L-M-N
11765,B,A-C-D-E-F-G-H-I-J-K-L-M-N
11766,B-C-E-F-G-H-J,A-D-I-K-L-M-N
11767,C-E-F-G-H,A-B-D-I-J-K-L-M-N
11768,E-G-H-I,A-B-C-D-F-J-K-L-M-N
11769,C-E-F-G-K,A-B-D-H-I-J-L-M-N
11770,E-F-G-I,A-B-C-D-H-J-K-L-M-N
11771,E,A-B-C-D-F-G-H-I-J-K-L-M-N
11772,D-F-G-J,A-B-C-E-H-I-K-L-M-N
11773,G-H-I-J,A-B-C-D-E-F-K-L-M-N
11774,E-H-I-J,A-B-C-D-F-G-K-L-M-N
11775,B-C-F-G-H-I-J,A-D-E-K-L-M-N
11776,B-E-F-G-H-I-J-K-L,A-C-D-M-N
11777,B-C-E-F-G-H-I-J,A-D-K-L-M-N
11778,B-D-E-H,A-C-F-G-I-J-K-L-M-N
11779,A-B-D-E-F-G-I,C-H-J-K-L-M-N
11780,B-F-G-I-J-K-L-M,A-C-D-E-H-N
11781,C,A-B-D-E-F-G-H-I-J-K-L-M-N
11782,C-E-G-J,A-B-D-F-H-I-K-L-M-N
11783,B,A-C-D-E-F-G-H-I-J-K-L-M-N
11784,E-F-G-H-I-J,A-B-C-D-K-L-M-N
11785,B-C-E-F-G-H-J,A-D-I-K-L-M-N
11786,B-C-E-F-G-H-I-J,A-D-K-L-M-N
11787,F,A-B-C-D-E-G-H-I-J-K-L-M-N
11788,F-G-H,A-B-C-D-E-I-J-K-L-M-N
11789,A-B-C-F,D-E-G-H-I-J-K-L-M-N
11790,G-I-M-N,A-B-C-D-E-F-H-J-K-L
11791,C-E-F-G-H-I-J-K-L,A-B-D-M-N
11792,B-E-F-I,A-C-D-G-H-J-K-L-M-N
11793,D-E-F-G-H,A-B-C-I-J-K-L-M-N
11794,E-H-I-J-M-N,A-B-C-D-F-G-K-L
11795,B-C-D-E-G-H-I-J,A-F-K-L-M-N
11796,F-H-I-J-M-N,A-B-C-D-E-G-K-L
11797,B-E-G-I,A-C-D-F-H-J-K-L-M-N
11798,J,A-B-C-D-E-F-G-H-I-K-L-M-N
11799,A-C-E,B-D-F-G-H-I-J-K-L-M-N
11800,E-H-I-J-K-L,A-B-C-D-F-G-M-N
11801,C-E-F-H-K-M,A-B-D-G-I-J-L-N
11802,G-I,A-B-C-D-E-F-H-J-K-L-M-N
11803,A-B-E-H,C-D-F-G-I-J-K-L-M-N
11804,B-D-E-G,A-C-F-H-I-J-K-L-M-N
11805,D,A-B-C-E-F-G-H-I-J-K-L-M-N
11806,D-G-M-N,A-B-C-E-F-H-I-J-K-L
11807,,A-B-C-D-E-F-G-H-I-J-K-L-M-N
11808,C-G-I-J,A-B-D-E-F-H-K-L-M-N
11809,H,A-B-C-D-E-F-G-I-J-K-L-M-N
11810,H-I-J,A-B-C-D-E-F-G-K-L-M-N
11811,B-E-G-H,A-C-D-F-I-J-K-L-M-N
11812,C-E-G-I,A-B-D-F-H-J-K-L-M-N
11813,B-E-G-I,A-C-D-F-H-J-K-L-M-N
11814,A-D-E-H-J,B-C-F-G-I-K-L-M-N
11815,A-C-D-E-F-G-M,B-H-I-J-K-L-N
11816,A-B-C-F-G-I,D-E-H-J-K-L-M-N
11817,C,A-B-D-E-F-G-H-I-J-K-L-M-N
11818,B-E-I-J,A-C-D-F-G-H-K-L-M-N
11819,E,A-B-C-D-F-G-H-I-J-K-L-M-N
